✅ Connected to MongoDB Atlas successfully.
Database connection warning: Index option direction in command createIndexes either does not exist or is disallowed in this Atlas tier, full error: {'ok': 0, 'errmsg': 'Index option direction in command createIndexes either does not exist or is disallowed in this Atlas tier', 'code': 8000, 'codeName': 'AtlasError'}
2026-02-16 03:10:42,941 - apscheduler.scheduler - INFO - Adding job tentatively -- it will be properly scheduled when the scheduler starts
🏴‍☠️ Pirate Bot is sailing with Marine Security Active!...
2026-02-16 03:10:43,010 - httpx - INFO - HTTP Request: POST https://api.telegram.org/bot8308955773:AAHRa238qrLCJPcbBvgrSJk3EPqbiGsPsAI/getMe "HTTP/1.1 200 OK"
2026-02-16 03:10:43,203 - httpx - INFO - HTTP Request: POST https://api.telegram.org/bot8308955773:AAHRa238qrLCJPcbBvgrSJk3EPqbiGsPsAI/setMyCommands "HTTP/1.1 200 OK"
2026-02-16 03:10:43,222 - httpx - INFO - HTTP Request: POST https://api.telegram.org/bot8308955773:AAHRa238qrLCJPcbBvgrSJk3EPqbiGsPsAI/deleteWebhook "HTTP/1.1 200 OK"
2026-02-16 03:10:43,225 - apscheduler.scheduler - INFO - Added job "auto_detector_job" to job store "default"
2026-02-16 03:10:43,225 - apscheduler.scheduler - INFO - Scheduler started
2026-02-16 03:10:43,225 - telegram.ext.Application - INFO - Application started
2026-02-16 03:10:43,278 - httpx - INFO - HTTP Request: POST https://api.telegram.org/bot8308955773:AAHRa238qrLCJPcbBvgrSJk3EPqbiGsPsAI/getUpdates "HTTP/1.1 200 OK"
2026-02-16 03:10:43,786 - httpx - INFO - HTTP Request: POST https://api.telegram.org/bot8308955773:AAHRa238qrLCJPcbBvgrSJk3EPqbiGsPsAI/sendVideo "HTTP/1.1 200 OK"
2026-02-16 03:10:44,816 - httpx - INFO - HTTP Request: POST https://api.telegram.org/bot8308955773:AAHRa238qrLCJPcbBvgrSJk3EPqbiGsPsAI/sendMessage "HTTP/1.1 200 OK"
2026-02-16 03:10:45,097 - httpx - INFO - HTTP Request: POST https://api.telegram.org/bot8308955773:AAHRa238qrLCJPcbBvgrSJk3EPqbiGsPsAI/sendMessage "HTTP/1.1 400 Bad Request"
2026-02-16 03:10:45,100 - telegram.ext.Application - ERROR - No error handlers are registered, logging exception.
Traceback (most recent call last):
  File "/home/newuser/.local/lib/python3.11/site-packages/telegram/ext/_application.py", line 1315, in process_update
    await coroutine
  File "/home/newuser/.local/lib/python3.11/site-packages/telegram/ext/_handlers/basehandler.py", line 159, in handle_update
    return await self.callback(update, context)
           ^^^^^^^^^^^^^^^^^^^^^^^^^^^^^^^^^^^^
  File "/app/bot_lab/7708811819/bot.py", line 1154, in start
    await update.message.reply_text(f"Welcome back Captain {p['name']}!")
  File "/home/newuser/.local/lib/python3.11/site-packages/telegram/_message.py", line 2068, in reply_text
    return await self.get_bot().send_message(
           ^^^^^^^^^^^^^^^^^^^^^^^^^^^^^^^^^^
  File "/home/newuser/.local/lib/python3.11/site-packages/telegram/ext/_extbot.py", line 3115, in send_message
    return await super().send_message(
           ^^^^^^^^^^^^^^^^^^^^^^^^^^^
  File "/home/newuser/.local/lib/python3.11/site-packages/telegram/_bot.py", line 1122, in send_message
    return await self._send_message(
           ^^^^^^^^^^^^^^^^^^^^^^^^^
  File "/home/newuser/.local/lib/python3.11/site-packages/telegram/ext/_extbot.py", line 629, in _send_message
    result = await super()._send_message(
             ^^^^^^^^^^^^^^^^^^^^^^^^^^^^
  File "/home/newuser/.local/lib/python3.11/site-packages/telegram/_bot.py", line 819, in _send_message
    result = await self._post(
             ^^^^^^^^^^^^^^^^^
  File "/home/newuser/.local/lib/python3.11/site-packages/telegram/_bot.py", line 703, in _post
    return await self._do_post(
           ^^^^^^^^^^^^^^^^^^^^
  File "/home/newuser/.local/lib/python3.11/site-packages/telegram/ext/_extbot.py", line 369, in _do_post
    return await super()._do_post(
           ^^^^^^^^^^^^^^^^^^^^^^^
  File "/home/newuser/.local/lib/python3.11/site-packages/telegram/_bot.py", line 732, in _do_post
    result = await request.post(
             ^^^^^^^^^^^^^^^^^^^
  File "/home/newuser/.local/lib/python3.11/site-packages/telegram/request/_baserequest.py", line 198, in post
    result = await self._request_wrapper(
             ^^^^^^^^^^^^^^^^^^^^^^^^^^^^
  File "/home/newuser/.local/lib/python3.11/site-packages/telegram/request/_baserequest.py", line 375, in _request_wrapper
    raise exception
telegram.error.BadRequest: Message to be replied not found
2026-02-16 03:10:45,608 - httpx - INFO - HTTP Request: POST https://api.telegram.org/bot8308955773:AAHRa238qrLCJPcbBvgrSJk3EPqbiGsPsAI/sendVideo "HTTP/1.1 200 OK"
2026-02-16 03:10:45,850 - httpx - INFO - HTTP Request: POST https://api.telegram.org/bot8308955773:AAHRa238qrLCJPcbBvgrSJk3EPqbiGsPsAI/sendPhoto "HTTP/1.1 200 OK"
2026-02-16 03:10:46,489 - httpx - INFO - HTTP Request: POST https://api.telegram.org/bot8308955773:AAHRa238qrLCJPcbBvgrSJk3EPqbiGsPsAI/sendMessage "HTTP/1.1 200 OK"
2026-02-16 03:10:46,705 - httpx - INFO - HTTP Request: POST https://api.telegram.org/bot8308955773:AAHRa238qrLCJPcbBvgrSJk3EPqbiGsPsAI/sendPhoto "HTTP/1.1 200 OK"
2026-02-16 03:10:47,170 - httpx - INFO - HTTP Request: POST https://api.telegram.org/bot8308955773:AAHRa238qrLCJPcbBvgrSJk3EPqbiGsPsAI/sendVideo "HTTP/1.1 200 OK"
2026-02-16 03:10:47,384 - httpx - INFO - HTTP Request: POST https://api.telegram.org/bot8308955773:AAHRa238qrLCJPcbBvgrSJk3EPqbiGsPsAI/sendMessage "HTTP/1.1 200 OK"
2026-02-16 03:10:47,603 - httpx - INFO - HTTP Request: POST https://api.telegram.org/bot8308955773:AAHRa238qrLCJPcbBvgrSJk3EPqbiGsPsAI/sendMessage "HTTP/1.1 200 OK"
2026-02-16 03:10:47,883 - httpx - INFO - HTTP Request: POST https://api.telegram.org/bot8308955773:AAHRa238qrLCJPcbBvgrSJk3EPqbiGsPsAI/sendVideo "HTTP/1.1 200 OK"
2026-02-16 03:10:48,098 - httpx - INFO - HTTP Request: POST https://api.telegram.org/bot8308955773:AAHRa238qrLCJPcbBvgrSJk3EPqbiGsPsAI/sendMessage "HTTP/1.1 200 OK"
2026-02-16 03:10:52,942 - apscheduler.executors.default - INFO - Running job "auto_detector_job (trigger: interval[0:15:00], next run at: 2026-02-16 03:25:52 UTC)" (scheduled at 2026-02-16 03:10:52.940994+00:00)
2026-02-16 03:10:52,942 - apscheduler.executors.default - INFO - Job "auto_detector_job (trigger: interval[0:15:00], next run at: 2026-02-16 03:25:52 UTC)" executed successfully
2026-02-16 03:10:53,523 - httpx - INFO - HTTP Request: POST https://api.telegram.org/bot8308955773:AAHRa238qrLCJPcbBvgrSJk3EPqbiGsPsAI/getUpdates "HTTP/1.1 200 OK"
2026-02-16 03:11:03,541 - httpx - INFO - HTTP Request: POST https://api.telegram.org/bot8308955773:AAHRa238qrLCJPcbBvgrSJk3EPqbiGsPsAI/getUpdates "HTTP/1.1 200 OK"
2026-02-16 03:11:13,558 - httpx - INFO - HTTP Request: POST https://api.telegram.org/bot8308955773:AAHRa238qrLCJPcbBvgrSJk3EPqbiGsPsAI/getUpdates "HTTP/1.1 200 OK"
2026-02-16 03:11:17,652 - httpx - INFO - HTTP Request: POST https://api.telegram.org/bot8308955773:AAHRa238qrLCJPcbBvgrSJk3EPqbiGsPsAI/getUpdates "HTTP/1.1 200 OK"
2026-02-16 03:11:23,112 - httpx - INFO - HTTP Request: POST https://api.telegram.org/bot8308955773:AAHRa238qrLCJPcbBvgrSJk3EPqbiGsPsAI/getUpdates "HTTP/1.1 200 OK"
2026-02-16 03:11:33,131 - httpx - INFO - HTTP Request: POST https://api.telegram.org/bot8308955773:AAHRa238qrLCJPcbBvgrSJk3EPqbiGsPsAI/getUpdates "HTTP/1.1 200 OK"
2026-02-16 03:11:34,786 - httpx - INFO - HTTP Request: POST https://api.telegram.org/bot8308955773:AAHRa238qrLCJPcbBvgrSJk3EPqbiGsPsAI/getUpdates "HTTP/1.1 200 OK"
2026-02-16 03:11:35,072 - httpx - INFO - HTTP Request: POST https://api.telegram.org/bot8308955773:AAHRa238qrLCJPcbBvgrSJk3EPqbiGsPsAI/sendPhoto "HTTP/1.1 200 OK"
2026-02-16 03:11:42,267 - httpx - INFO - HTTP Request: POST https://api.telegram.org/bot8308955773:AAHRa238qrLCJPcbBvgrSJk3EPqbiGsPsAI/getUpdates "HTTP/1.1 200 OK"
2026-02-16 03:11:42,522 - httpx - INFO - HTTP Request: POST https://api.telegram.org/bot8308955773:AAHRa238qrLCJPcbBvgrSJk3EPqbiGsPsAI/editMessageCaption "HTTP/1.1 200 OK"
2026-02-16 03:11:52,287 - httpx - INFO - HTTP Request: POST https://api.telegram.org/bot8308955773:AAHRa238qrLCJPcbBvgrSJk3EPqbiGsPsAI/getUpdates "HTTP/1.1 200 OK"
2026-02-16 03:12:02,202 - httpx - INFO - HTTP Request: POST https://api.telegram.org/bot8308955773:AAHRa238qrLCJPcbBvgrSJk3EPqbiGsPsAI/getUpdates "HTTP/1.1 200 OK"
2026-02-16 03:12:10,080 - httpx - INFO - HTTP Request: POST https://api.telegram.org/bot8308955773:AAHRa238qrLCJPcbBvgrSJk3EPqbiGsPsAI/getUpdates "HTTP/1.1 200 OK"
2026-02-16 03:12:10,352 - httpx - INFO - HTTP Request: POST https://api.telegram.org/bot8308955773:AAHRa238qrLCJPcbBvgrSJk3EPqbiGsPsAI/sendMessage "HTTP/1.1 200 OK"
2026-02-16 03:12:20,100 - httpx - INFO - HTTP Request: POST https://api.telegram.org/bot8308955773:AAHRa238qrLCJPcbBvgrSJk3EPqbiGsPsAI/getUpdates "HTTP/1.1 200 OK"
2026-02-16 03:12:30,125 - httpx - INFO - HTTP Request: POST https://api.telegram.org/bot8308955773:AAHRa238qrLCJPcbBvgrSJk3EPqbiGsPsAI/getUpdates "HTTP/1.1 200 OK"
2026-02-16 03:12:40,148 - httpx - INFO - HTTP Request: POST https://api.telegram.org/bot8308955773:AAHRa238qrLCJPcbBvgrSJk3EPqbiGsPsAI/getUpdates "HTTP/1.1 200 OK"
2026-02-16 03:12:50,169 - httpx - INFO - HTTP Request: POST https://api.telegram.org/bot8308955773:AAHRa238qrLCJPcbBvgrSJk3EPqbiGsPsAI/getUpdates "HTTP/1.1 200 OK"
2026-02-16 03:13:00,187 - httpx - INFO - HTTP Request: POST https://api.telegram.org/bot8308955773:AAHRa238qrLCJPcbBvgrSJk3EPqbiGsPsAI/getUpdates "HTTP/1.1 200 OK"
2026-02-16 03:13:10,205 - httpx - INFO - HTTP Request: POST https://api.telegram.org/bot8308955773:AAHRa238qrLCJPcbBvgrSJk3EPqbiGsPsAI/getUpdates "HTTP/1.1 200 OK"
2026-02-16 03:13:20,222 - httpx - INFO - HTTP Request: POST https://api.telegram.org/bot8308955773:AAHRa238qrLCJPcbBvgrSJk3EPqbiGsPsAI/getUpdates "HTTP/1.1 200 OK"
2026-02-16 03:13:30,242 - httpx - INFO - HTTP Request: POST https://api.telegram.org/bot8308955773:AAHRa238qrLCJPcbBvgrSJk3EPqbiGsPsAI/getUpdates "HTTP/1.1 200 OK"
2026-02-16 03:13:40,261 - httpx - INFO - HTTP Request: POST https://api.telegram.org/bot8308955773:AAHRa238qrLCJPcbBvgrSJk3EPqbiGsPsAI/getUpdates "HTTP/1.1 200 OK"
2026-02-16 03:13:50,279 - httpx - INFO - HTTP Request: POST https://api.telegram.org/bot8308955773:AAHRa238qrLCJPcbBvgrSJk3EPqbiGsPsAI/getUpdates "HTTP/1.1 200 OK"
2026-02-16 03:14:00,297 - httpx - INFO - HTTP Request: POST https://api.telegram.org/bot8308955773:AAHRa238qrLCJPcbBvgrSJk3EPqbiGsPsAI/getUpdates "HTTP/1.1 200 OK"
2026-02-16 03:14:05,968 - httpx - INFO - HTTP Request: POST https://api.telegram.org/bot8308955773:AAHRa238qrLCJPcbBvgrSJk3EPqbiGsPsAI/getUpdates "HTTP/1.1 200 OK"
2026-02-16 03:14:06,441 - httpx - INFO - HTTP Request: POST https://api.telegram.org/bot8308955773:AAHRa238qrLCJPcbBvgrSJk3EPqbiGsPsAI/sendPhoto "HTTP/1.1 200 OK"
2026-02-16 03:14:08,629 - httpx - INFO - HTTP Request: POST https://api.telegram.org/bot8308955773:AAHRa238qrLCJPcbBvgrSJk3EPqbiGsPsAI/getUpdates "HTTP/1.1 200 OK"
2026-02-16 03:14:08,653 - httpx - INFO - HTTP Request: POST https://api.telegram.org/bot8308955773:AAHRa238qrLCJPcbBvgrSJk3EPqbiGsPsAI/editMessageText "HTTP/1.1 400 Bad Request"
2026-02-16 03:14:08,880 - httpx - INFO - HTTP Request: POST https://api.telegram.org/bot8308955773:AAHRa238qrLCJPcbBvgrSJk3EPqbiGsPsAI/editMessageCaption "HTTP/1.1 200 OK"
2026-02-16 03:14:11,243 - httpx - INFO - HTTP Request: POST https://api.telegram.org/bot8308955773:AAHRa238qrLCJPcbBvgrSJk3EPqbiGsPsAI/getUpdates "HTTP/1.1 200 OK"
2026-02-16 03:14:11,429 - httpx - INFO - HTTP Request: POST https://api.telegram.org/bot8308955773:AAHRa238qrLCJPcbBvgrSJk3EPqbiGsPsAI/answerCallbackQuery "HTTP/1.1 200 OK"
2026-02-16 03:14:11,858 - httpx - INFO - HTTP Request: POST https://api.telegram.org/bot8308955773:AAHRa238qrLCJPcbBvgrSJk3EPqbiGsPsAI/editMessageCaption "HTTP/1.1 200 OK"
2026-02-16 03:14:14,381 - httpx - INFO - HTTP Request: POST https://api.telegram.org/bot8308955773:AAHRa238qrLCJPcbBvgrSJk3EPqbiGsPsAI/getUpdates "HTTP/1.1 200 OK"
2026-02-16 03:14:14,587 - httpx - INFO - HTTP Request: POST https://api.telegram.org/bot8308955773:AAHRa238qrLCJPcbBvgrSJk3EPqbiGsPsAI/sendPhoto "HTTP/1.1 200 OK"
2026-02-16 03:14:16,772 - httpx - INFO - HTTP Request: POST https://api.telegram.org/bot8308955773:AAHRa238qrLCJPcbBvgrSJk3EPqbiGsPsAI/getUpdates "HTTP/1.1 200 OK"
2026-02-16 03:14:16,790 - httpx - INFO - HTTP Request: POST https://api.telegram.org/bot8308955773:AAHRa238qrLCJPcbBvgrSJk3EPqbiGsPsAI/editMessageText "HTTP/1.1 400 Bad Request"
2026-02-16 03:14:16,990 - httpx - INFO - HTTP Request: POST https://api.telegram.org/bot8308955773:AAHRa238qrLCJPcbBvgrSJk3EPqbiGsPsAI/editMessageCaption "HTTP/1.1 200 OK"
2026-02-16 03:14:19,355 - httpx - INFO - HTTP Request: POST https://api.telegram.org/bot8308955773:AAHRa238qrLCJPcbBvgrSJk3EPqbiGsPsAI/getUpdates "HTTP/1.1 200 OK"
2026-02-16 03:14:19,544 - httpx - INFO - HTTP Request: POST https://api.telegram.org/bot8308955773:AAHRa238qrLCJPcbBvgrSJk3EPqbiGsPsAI/answerCallbackQuery "HTTP/1.1 200 OK"
2026-02-16 03:14:19,984 - httpx - INFO - HTTP Request: POST https://api.telegram.org/bot8308955773:AAHRa238qrLCJPcbBvgrSJk3EPqbiGsPsAI/editMessageCaption "HTTP/1.1 200 OK"
2026-02-16 03:14:22,363 - httpx - INFO - HTTP Request: POST https://api.telegram.org/bot8308955773:AAHRa238qrLCJPcbBvgrSJk3EPqbiGsPsAI/getUpdates "HTTP/1.1 200 OK"
2026-02-16 03:14:22,571 - httpx - INFO - HTTP Request: POST https://api.telegram.org/bot8308955773:AAHRa238qrLCJPcbBvgrSJk3EPqbiGsPsAI/sendPhoto "HTTP/1.1 200 OK"
2026-02-16 03:14:24,761 - httpx - INFO - HTTP Request: POST https://api.telegram.org/bot8308955773:AAHRa238qrLCJPcbBvgrSJk3EPqbiGsPsAI/getUpdates "HTTP/1.1 200 OK"
2026-02-16 03:14:24,779 - httpx - INFO - HTTP Request: POST https://api.telegram.org/bot8308955773:AAHRa238qrLCJPcbBvgrSJk3EPqbiGsPsAI/editMessageText "HTTP/1.1 400 Bad Request"
2026-02-16 03:14:25,007 - httpx - INFO - HTTP Request: POST https://api.telegram.org/bot8308955773:AAHRa238qrLCJPcbBvgrSJk3EPqbiGsPsAI/editMessageCaption "HTTP/1.1 200 OK"
2026-02-16 03:14:27,361 - httpx - INFO - HTTP Request: POST https://api.telegram.org/bot8308955773:AAHRa238qrLCJPcbBvgrSJk3EPqbiGsPsAI/getUpdates "HTTP/1.1 200 OK"
2026-02-16 03:14:27,551 - httpx - INFO - HTTP Request: POST https://api.telegram.org/bot8308955773:AAHRa238qrLCJPcbBvgrSJk3EPqbiGsPsAI/answerCallbackQuery "HTTP/1.1 200 OK"
2026-02-16 03:14:27,974 - httpx - INFO - HTTP Request: POST https://api.telegram.org/bot8308955773:AAHRa238qrLCJPcbBvgrSJk3EPqbiGsPsAI/editMessageCaption "HTTP/1.1 200 OK"
2026-02-16 03:14:29,755 - httpx - INFO - HTTP Request: POST https://api.telegram.org/bot8308955773:AAHRa238qrLCJPcbBvgrSJk3EPqbiGsPsAI/getUpdates "HTTP/1.1 200 OK"
2026-02-16 03:14:30,215 - httpx - INFO - HTTP Request: POST https://api.telegram.org/bot8308955773:AAHRa238qrLCJPcbBvgrSJk3EPqbiGsPsAI/sendPhoto "HTTP/1.1 200 OK"
2026-02-16 03:14:30,356 - httpx - INFO - HTTP Request: POST https://api.telegram.org/bot8308955773:AAHRa238qrLCJPcbBvgrSJk3EPqbiGsPsAI/getUpdates "HTTP/1.1 200 OK"
2026-02-16 03:14:30,564 - httpx - INFO - HTTP Request: POST https://api.telegram.org/bot8308955773:AAHRa238qrLCJPcbBvgrSJk3EPqbiGsPsAI/sendPhoto "HTTP/1.1 200 OK"
2026-02-16 03:14:32,751 - httpx - INFO - HTTP Request: POST https://api.telegram.org/bot8308955773:AAHRa238qrLCJPcbBvgrSJk3EPqbiGsPsAI/getUpdates "HTTP/1.1 200 OK"
2026-02-16 03:14:32,792 - httpx - INFO - HTTP Request: POST https://api.telegram.org/bot8308955773:AAHRa238qrLCJPcbBvgrSJk3EPqbiGsPsAI/editMessageText "HTTP/1.1 400 Bad Request"
2026-02-16 03:14:33,008 - httpx - INFO - HTTP Request: POST https://api.telegram.org/bot8308955773:AAHRa238qrLCJPcbBvgrSJk3EPqbiGsPsAI/editMessageCaption "HTTP/1.1 200 OK"
2026-02-16 03:14:35,378 - httpx - INFO - HTTP Request: POST https://api.telegram.org/bot8308955773:AAHRa238qrLCJPcbBvgrSJk3EPqbiGsPsAI/getUpdates "HTTP/1.1 200 OK"
2026-02-16 03:14:35,586 - httpx - INFO - HTTP Request: POST https://api.telegram.org/bot8308955773:AAHRa238qrLCJPcbBvgrSJk3EPqbiGsPsAI/answerCallbackQuery "HTTP/1.1 200 OK"
2026-02-16 03:14:36,008 - httpx - INFO - HTTP Request: POST https://api.telegram.org/bot8308955773:AAHRa238qrLCJPcbBvgrSJk3EPqbiGsPsAI/editMessageCaption "HTTP/1.1 200 OK"
2026-02-16 03:14:38,377 - httpx - INFO - HTTP Request: POST https://api.telegram.org/bot8308955773:AAHRa238qrLCJPcbBvgrSJk3EPqbiGsPsAI/getUpdates "HTTP/1.1 200 OK"
2026-02-16 03:14:38,584 - httpx - INFO - HTTP Request: POST https://api.telegram.org/bot8308955773:AAHRa238qrLCJPcbBvgrSJk3EPqbiGsPsAI/sendPhoto "HTTP/1.1 200 OK"
2026-02-16 03:14:40,770 - httpx - INFO - HTTP Request: POST https://api.telegram.org/bot8308955773:AAHRa238qrLCJPcbBvgrSJk3EPqbiGsPsAI/getUpdates "HTTP/1.1 200 OK"
2026-02-16 03:14:40,787 - httpx - INFO - HTTP Request: POST https://api.telegram.org/bot8308955773:AAHRa238qrLCJPcbBvgrSJk3EPqbiGsPsAI/editMessageText "HTTP/1.1 400 Bad Request"
2026-02-16 03:14:41,008 - httpx - INFO - HTTP Request: POST https://api.telegram.org/bot8308955773:AAHRa238qrLCJPcbBvgrSJk3EPqbiGsPsAI/editMessageCaption "HTTP/1.1 200 OK"
2026-02-16 03:14:43,360 - httpx - INFO - HTTP Request: POST https://api.telegram.org/bot8308955773:AAHRa238qrLCJPcbBvgrSJk3EPqbiGsPsAI/getUpdates "HTTP/1.1 200 OK"
2026-02-16 03:14:43,584 - httpx - INFO - HTTP Request: POST https://api.telegram.org/bot8308955773:AAHRa238qrLCJPcbBvgrSJk3EPqbiGsPsAI/answerCallbackQuery "HTTP/1.1 200 OK"
2026-02-16 03:14:44,002 - httpx - INFO - HTTP Request: POST https://api.telegram.org/bot8308955773:AAHRa238qrLCJPcbBvgrSJk3EPqbiGsPsAI/editMessageCaption "HTTP/1.1 200 OK"
2026-02-16 03:14:46,374 - httpx - INFO - HTTP Request: POST https://api.telegram.org/bot8308955773:AAHRa238qrLCJPcbBvgrSJk3EPqbiGsPsAI/getUpdates "HTTP/1.1 200 OK"
2026-02-16 03:14:46,794 - httpx - INFO - HTTP Request: POST https://api.telegram.org/bot8308955773:AAHRa238qrLCJPcbBvgrSJk3EPqbiGsPsAI/sendMessage "HTTP/1.1 200 OK"
2026-02-16 03:14:49,048 - httpx - INFO - HTTP Request: POST https://api.telegram.org/bot8308955773:AAHRa238qrLCJPcbBvgrSJk3EPqbiGsPsAI/getUpdates "HTTP/1.1 200 OK"
2026-02-16 03:14:49,259 - httpx - INFO - HTTP Request: POST https://api.telegram.org/bot8308955773:AAHRa238qrLCJPcbBvgrSJk3EPqbiGsPsAI/sendPhoto "HTTP/1.1 200 OK"
2026-02-16 03:14:52,651 - httpx - INFO - HTTP Request: POST https://api.telegram.org/bot8308955773:AAHRa238qrLCJPcbBvgrSJk3EPqbiGsPsAI/getUpdates "HTTP/1.1 200 OK"
2026-02-16 03:14:52,686 - httpx - INFO - HTTP Request: POST https://api.telegram.org/bot8308955773:AAHRa238qrLCJPcbBvgrSJk3EPqbiGsPsAI/editMessageText "HTTP/1.1 400 Bad Request"
2026-02-16 03:14:52,901 - httpx - INFO - HTTP Request: POST https://api.telegram.org/bot8308955773:AAHRa238qrLCJPcbBvgrSJk3EPqbiGsPsAI/editMessageCaption "HTTP/1.1 200 OK"
2026-02-16 03:14:54,107 - httpx - INFO - HTTP Request: POST https://api.telegram.org/bot8308955773:AAHRa238qrLCJPcbBvgrSJk3EPqbiGsPsAI/getUpdates "HTTP/1.1 200 OK"
2026-02-16 03:14:54,294 - httpx - INFO - HTTP Request: POST https://api.telegram.org/bot8308955773:AAHRa238qrLCJPcbBvgrSJk3EPqbiGsPsAI/answerCallbackQuery "HTTP/1.1 200 OK"
2026-02-16 03:14:55,218 - httpx - INFO - HTTP Request: POST https://api.telegram.org/bot8308955773:AAHRa238qrLCJPcbBvgrSJk3EPqbiGsPsAI/getUpdates "HTTP/1.1 200 OK"
2026-02-16 03:14:55,359 - httpx - INFO - HTTP Request: POST https://api.telegram.org/bot8308955773:AAHRa238qrLCJPcbBvgrSJk3EPqbiGsPsAI/getUpdates "HTTP/1.1 200 OK"
2026-02-16 03:14:55,408 - httpx - INFO - HTTP Request: POST https://api.telegram.org/bot8308955773:AAHRa238qrLCJPcbBvgrSJk3EPqbiGsPsAI/answerCallbackQuery "HTTP/1.1 200 OK"
2026-02-16 03:14:55,828 - httpx - INFO - HTTP Request: POST https://api.telegram.org/bot8308955773:AAHRa238qrLCJPcbBvgrSJk3EPqbiGsPsAI/editMessageCaption "HTTP/1.1 200 OK"
2026-02-16 03:14:56,015 - httpx - INFO - HTTP Request: POST https://api.telegram.org/bot8308955773:AAHRa238qrLCJPcbBvgrSJk3EPqbiGsPsAI/answerCallbackQuery "HTTP/1.1 200 OK"
2026-02-16 03:14:59,181 - httpx - INFO - HTTP Request: POST https://api.telegram.org/bot8308955773:AAHRa238qrLCJPcbBvgrSJk3EPqbiGsPsAI/getUpdates "HTTP/1.1 200 OK"
2026-02-16 03:14:59,395 - httpx - INFO - HTTP Request: POST https://api.telegram.org/bot8308955773:AAHRa238qrLCJPcbBvgrSJk3EPqbiGsPsAI/sendVideo "HTTP/1.1 200 OK"
2026-02-16 03:15:01,278 - httpx - INFO - HTTP Request: POST https://api.telegram.org/bot8308955773:AAHRa238qrLCJPcbBvgrSJk3EPqbiGsPsAI/getUpdates "HTTP/1.1 200 OK"
2026-02-16 03:15:01,513 - httpx - INFO - HTTP Request: POST https://api.telegram.org/bot8308955773:AAHRa238qrLCJPcbBvgrSJk3EPqbiGsPsAI/editMessageMedia "HTTP/1.1 200 OK"
2026-02-16 03:15:04,706 - httpx - INFO - HTTP Request: POST https://api.telegram.org/bot8308955773:AAHRa238qrLCJPcbBvgrSJk3EPqbiGsPsAI/getUpdates "HTTP/1.1 200 OK"
2026-02-16 03:15:04,934 - httpx - INFO - HTTP Request: POST https://api.telegram.org/bot8308955773:AAHRa238qrLCJPcbBvgrSJk3EPqbiGsPsAI/sendPhoto "HTTP/1.1 200 OK"
2026-02-16 03:15:08,153 - httpx - INFO - HTTP Request: POST https://api.telegram.org/bot8308955773:AAHRa238qrLCJPcbBvgrSJk3EPqbiGsPsAI/getUpdates "HTTP/1.1 200 OK"
2026-02-16 03:15:08,808 - httpx - INFO - HTTP Request: POST https://api.telegram.org/bot8308955773:AAHRa238qrLCJPcbBvgrSJk3EPqbiGsPsAI/editMessageMedia "HTTP/1.1 200 OK"
2026-02-16 03:15:11,146 - httpx - INFO - HTTP Request: POST https://api.telegram.org/bot8308955773:AAHRa238qrLCJPcbBvgrSJk3EPqbiGsPsAI/getUpdates "HTTP/1.1 200 OK"
2026-02-16 03:15:11,364 - httpx - INFO - HTTP Request: POST https://api.telegram.org/bot8308955773:AAHRa238qrLCJPcbBvgrSJk3EPqbiGsPsAI/sendVideo "HTTP/1.1 200 OK"
2026-02-16 03:15:12,678 - httpx - INFO - HTTP Request: POST https://api.telegram.org/bot8308955773:AAHRa238qrLCJPcbBvgrSJk3EPqbiGsPsAI/getUpdates "HTTP/1.1 200 OK"
2026-02-16 03:15:12,889 - httpx - INFO - HTTP Request: POST https://api.telegram.org/bot8308955773:AAHRa238qrLCJPcbBvgrSJk3EPqbiGsPsAI/editMessageMedia "HTTP/1.1 200 OK"
2026-02-16 03:15:13,927 - httpx - INFO - HTTP Request: POST https://api.telegram.org/bot8308955773:AAHRa238qrLCJPcbBvgrSJk3EPqbiGsPsAI/getUpdates "HTTP/1.1 200 OK"
2026-02-16 03:15:14,114 - httpx - INFO - HTTP Request: POST https://api.telegram.org/bot8308955773:AAHRa238qrLCJPcbBvgrSJk3EPqbiGsPsAI/answerCallbackQuery "HTTP/1.1 200 OK"
2026-02-16 03:15:15,213 - httpx - INFO - HTTP Request: POST https://api.telegram.org/bot8308955773:AAHRa238qrLCJPcbBvgrSJk3EPqbiGsPsAI/getUpdates "HTTP/1.1 200 OK"
2026-02-16 03:15:15,859 - httpx - INFO - HTTP Request: POST https://api.telegram.org/bot8308955773:AAHRa238qrLCJPcbBvgrSJk3EPqbiGsPsAI/editMessageMedia "HTTP/1.1 200 OK"
2026-02-16 03:15:17,172 - httpx - INFO - HTTP Request: POST https://api.telegram.org/bot8308955773:AAHRa238qrLCJPcbBvgrSJk3EPqbiGsPsAI/getUpdates "HTTP/1.1 200 OK"
2026-02-16 03:15:17,399 - httpx - INFO - HTTP Request: POST https://api.telegram.org/bot8308955773:AAHRa238qrLCJPcbBvgrSJk3EPqbiGsPsAI/sendVideo "HTTP/1.1 200 OK"
2026-02-16 03:15:18,651 - httpx - INFO - HTTP Request: POST https://api.telegram.org/bot8308955773:AAHRa238qrLCJPcbBvgrSJk3EPqbiGsPsAI/getUpdates "HTTP/1.1 200 OK"
2026-02-16 03:15:18,859 - httpx - INFO - HTTP Request: POST https://api.telegram.org/bot8308955773:AAHRa238qrLCJPcbBvgrSJk3EPqbiGsPsAI/editMessageMedia "HTTP/1.1 200 OK"
2026-02-16 03:15:19,775 - httpx - INFO - HTTP Request: POST https://api.telegram.org/bot8308955773:AAHRa238qrLCJPcbBvgrSJk3EPqbiGsPsAI/getUpdates "HTTP/1.1 200 OK"
2026-02-16 03:15:19,961 - httpx - INFO - HTTP Request: POST https://api.telegram.org/bot8308955773:AAHRa238qrLCJPcbBvgrSJk3EPqbiGsPsAI/answerCallbackQuery "HTTP/1.1 200 OK"
2026-02-16 03:15:20,784 - httpx - INFO - HTTP Request: POST https://api.telegram.org/bot8308955773:AAHRa238qrLCJPcbBvgrSJk3EPqbiGsPsAI/getUpdates "HTTP/1.1 200 OK"
2026-02-16 03:15:21,496 - httpx - INFO - HTTP Request: POST https://api.telegram.org/bot8308955773:AAHRa238qrLCJPcbBvgrSJk3EPqbiGsPsAI/editMessageMedia "HTTP/1.1 200 OK"
2026-02-16 03:15:22,960 - httpx - INFO - HTTP Request: POST https://api.telegram.org/bot8308955773:AAHRa238qrLCJPcbBvgrSJk3EPqbiGsPsAI/getUpdates "HTTP/1.1 200 OK"
2026-02-16 03:15:23,167 - httpx - INFO - HTTP Request: POST https://api.telegram.org/bot8308955773:AAHRa238qrLCJPcbBvgrSJk3EPqbiGsPsAI/sendVideo "HTTP/1.1 200 OK"
2026-02-16 03:15:24,496 - httpx - INFO - HTTP Request: POST https://api.telegram.org/bot8308955773:AAHRa238qrLCJPcbBvgrSJk3EPqbiGsPsAI/getUpdates "HTTP/1.1 200 OK"
2026-02-16 03:15:24,709 - httpx - INFO - HTTP Request: POST https://api.telegram.org/bot8308955773:AAHRa238qrLCJPcbBvgrSJk3EPqbiGsPsAI/editMessageMedia "HTTP/1.1 200 OK"
2026-02-16 03:15:25,705 - httpx - INFO - HTTP Request: POST https://api.telegram.org/bot8308955773:AAHRa238qrLCJPcbBvgrSJk3EPqbiGsPsAI/getUpdates "HTTP/1.1 200 OK"
2026-02-16 03:15:25,892 - httpx - INFO - HTTP Request: POST https://api.telegram.org/bot8308955773:AAHRa238qrLCJPcbBvgrSJk3EPqbiGsPsAI/answerCallbackQuery "HTTP/1.1 200 OK"
2026-02-16 03:15:26,713 - httpx - INFO - HTTP Request: POST https://api.telegram.org/bot8308955773:AAHRa238qrLCJPcbBvgrSJk3EPqbiGsPsAI/getUpdates "HTTP/1.1 200 OK"
2026-02-16 03:15:27,355 - httpx - INFO - HTTP Request: POST https://api.telegram.org/bot8308955773:AAHRa238qrLCJPcbBvgrSJk3EPqbiGsPsAI/editMessageMedia "HTTP/1.1 200 OK"
2026-02-16 03:15:29,186 - httpx - INFO - HTTP Request: POST https://api.telegram.org/bot8308955773:AAHRa238qrLCJPcbBvgrSJk3EPqbiGsPsAI/getUpdates "HTTP/1.1 200 OK"
2026-02-16 03:15:29,406 - httpx - INFO - HTTP Request: POST https://api.telegram.org/bot8308955773:AAHRa238qrLCJPcbBvgrSJk3EPqbiGsPsAI/sendVideo "HTTP/1.1 200 OK"
2026-02-16 03:15:30,504 - httpx - INFO - HTTP Request: POST https://api.telegram.org/bot8308955773:AAHRa238qrLCJPcbBvgrSJk3EPqbiGsPsAI/getUpdates "HTTP/1.1 200 OK"
2026-02-16 03:15:30,725 - httpx - INFO - HTTP Request: POST https://api.telegram.org/bot8308955773:AAHRa238qrLCJPcbBvgrSJk3EPqbiGsPsAI/editMessageMedia "HTTP/1.1 200 OK"
2026-02-16 03:15:31,566 - httpx - INFO - HTTP Request: POST https://api.telegram.org/bot8308955773:AAHRa238qrLCJPcbBvgrSJk3EPqbiGsPsAI/getUpdates "HTTP/1.1 200 OK"
2026-02-16 03:15:31,756 - httpx - INFO - HTTP Request: POST https://api.telegram.org/bot8308955773:AAHRa238qrLCJPcbBvgrSJk3EPqbiGsPsAI/answerCallbackQuery "HTTP/1.1 200 OK"
2026-02-16 03:15:32,598 - httpx - INFO - HTTP Request: POST https://api.telegram.org/bot8308955773:AAHRa238qrLCJPcbBvgrSJk3EPqbiGsPsAI/getUpdates "HTTP/1.1 200 OK"
2026-02-16 03:15:33,257 - httpx - INFO - HTTP Request: POST https://api.telegram.org/bot8308955773:AAHRa238qrLCJPcbBvgrSJk3EPqbiGsPsAI/editMessageMedia "HTTP/1.1 200 OK"
2026-02-16 03:15:35,071 - httpx - INFO - HTTP Request: POST https://api.telegram.org/bot8308955773:AAHRa238qrLCJPcbBvgrSJk3EPqbiGsPsAI/getUpdates "HTTP/1.1 200 OK"
2026-02-16 03:15:35,286 - httpx - INFO - HTTP Request: POST https://api.telegram.org/bot8308955773:AAHRa238qrLCJPcbBvgrSJk3EPqbiGsPsAI/sendVideo "HTTP/1.1 200 OK"
2026-02-16 03:15:36,405 - httpx - INFO - HTTP Request: POST https://api.telegram.org/bot8308955773:AAHRa238qrLCJPcbBvgrSJk3EPqbiGsPsAI/getUpdates "HTTP/1.1 200 OK"
2026-02-16 03:15:36,615 - httpx - INFO - HTTP Request: POST https://api.telegram.org/bot8308955773:AAHRa238qrLCJPcbBvgrSJk3EPqbiGsPsAI/editMessageMedia "HTTP/1.1 200 OK"
2026-02-16 03:15:37,490 - httpx - INFO - HTTP Request: POST https://api.telegram.org/bot8308955773:AAHRa238qrLCJPcbBvgrSJk3EPqbiGsPsAI/getUpdates "HTTP/1.1 200 OK"
2026-02-16 03:15:37,678 - httpx - INFO - HTTP Request: POST https://api.telegram.org/bot8308955773:AAHRa238qrLCJPcbBvgrSJk3EPqbiGsPsAI/answerCallbackQuery "HTTP/1.1 200 OK"
2026-02-16 03:15:38,515 - httpx - INFO - HTTP Request: POST https://api.telegram.org/bot8308955773:AAHRa238qrLCJPcbBvgrSJk3EPqbiGsPsAI/getUpdates "HTTP/1.1 200 OK"
2026-02-16 03:15:39,159 - httpx - INFO - HTTP Request: POST https://api.telegram.org/bot8308955773:AAHRa238qrLCJPcbBvgrSJk3EPqbiGsPsAI/editMessageMedia "HTTP/1.1 200 OK"
2026-02-16 03:15:41,576 - httpx - INFO - HTTP Request: POST https://api.telegram.org/bot8308955773:AAHRa238qrLCJPcbBvgrSJk3EPqbiGsPsAI/getUpdates "HTTP/1.1 200 OK"
2026-02-16 03:15:41,778 - httpx - INFO - HTTP Request: POST https://api.telegram.org/bot8308955773:AAHRa238qrLCJPcbBvgrSJk3EPqbiGsPsAI/sendVideo "HTTP/1.1 200 OK"
2026-02-16 03:15:42,928 - httpx - INFO - HTTP Request: POST https://api.telegram.org/bot8308955773:AAHRa238qrLCJPcbBvgrSJk3EPqbiGsPsAI/getUpdates "HTTP/1.1 200 OK"
2026-02-16 03:15:43,158 - httpx - INFO - HTTP Request: POST https://api.telegram.org/bot8308955773:AAHRa238qrLCJPcbBvgrSJk3EPqbiGsPsAI/editMessageMedia "HTTP/1.1 200 OK"
2026-02-16 03:15:44,171 - httpx - INFO - HTTP Request: POST https://api.telegram.org/bot8308955773:AAHRa238qrLCJPcbBvgrSJk3EPqbiGsPsAI/getUpdates "HTTP/1.1 200 OK"
2026-02-16 03:15:44,356 - httpx - INFO - HTTP Request: POST https://api.telegram.org/bot8308955773:AAHRa238qrLCJPcbBvgrSJk3EPqbiGsPsAI/answerCallbackQuery "HTTP/1.1 200 OK"
2026-02-16 03:15:45,188 - httpx - INFO - HTTP Request: POST https://api.telegram.org/bot8308955773:AAHRa238qrLCJPcbBvgrSJk3EPqbiGsPsAI/getUpdates "HTTP/1.1 200 OK"
2026-02-16 03:15:45,834 - httpx - INFO - HTTP Request: POST https://api.telegram.org/bot8308955773:AAHRa238qrLCJPcbBvgrSJk3EPqbiGsPsAI/editMessageMedia "HTTP/1.1 200 OK"
2026-02-16 03:15:47,774 - httpx - INFO - HTTP Request: POST https://api.telegram.org/bot8308955773:AAHRa238qrLCJPcbBvgrSJk3EPqbiGsPsAI/getUpdates "HTTP/1.1 200 OK"
2026-02-16 03:15:47,987 - httpx - INFO - HTTP Request: POST https://api.telegram.org/bot8308955773:AAHRa238qrLCJPcbBvgrSJk3EPqbiGsPsAI/sendVideo "HTTP/1.1 200 OK"
2026-02-16 03:15:49,176 - httpx - INFO - HTTP Request: POST https://api.telegram.org/bot8308955773:AAHRa238qrLCJPcbBvgrSJk3EPqbiGsPsAI/getUpdates "HTTP/1.1 200 OK"
2026-02-16 03:15:49,404 - httpx - INFO - HTTP Request: POST https://api.telegram.org/bot8308955773:AAHRa238qrLCJPcbBvgrSJk3EPqbiGsPsAI/editMessageMedia "HTTP/1.1 200 OK"
2026-02-16 03:15:50,244 - httpx - INFO - HTTP Request: POST https://api.telegram.org/bot8308955773:AAHRa238qrLCJPcbBvgrSJk3EPqbiGsPsAI/getUpdates "HTTP/1.1 200 OK"
2026-02-16 03:15:50,432 - httpx - INFO - HTTP Request: POST https://api.telegram.org/bot8308955773:AAHRa238qrLCJPcbBvgrSJk3EPqbiGsPsAI/answerCallbackQuery "HTTP/1.1 200 OK"
2026-02-16 03:15:51,271 - httpx - INFO - HTTP Request: POST https://api.telegram.org/bot8308955773:AAHRa238qrLCJPcbBvgrSJk3EPqbiGsPsAI/getUpdates "HTTP/1.1 200 OK"
2026-02-16 03:15:51,938 - httpx - INFO - HTTP Request: POST https://api.telegram.org/bot8308955773:AAHRa238qrLCJPcbBvgrSJk3EPqbiGsPsAI/editMessageMedia "HTTP/1.1 200 OK"
2026-02-16 03:15:53,712 - httpx - INFO - HTTP Request: POST https://api.telegram.org/bot8308955773:AAHRa238qrLCJPcbBvgrSJk3EPqbiGsPsAI/getUpdates "HTTP/1.1 200 OK"
2026-02-16 03:15:53,931 - httpx - INFO - HTTP Request: POST https://api.telegram.org/bot8308955773:AAHRa238qrLCJPcbBvgrSJk3EPqbiGsPsAI/sendVideo "HTTP/1.1 200 OK"
2026-02-16 03:15:55,113 - httpx - INFO - HTTP Request: POST https://api.telegram.org/bot8308955773:AAHRa238qrLCJPcbBvgrSJk3EPqbiGsPsAI/getUpdates "HTTP/1.1 200 OK"
2026-02-16 03:15:55,319 - httpx - INFO - HTTP Request: POST https://api.telegram.org/bot8308955773:AAHRa238qrLCJPcbBvgrSJk3EPqbiGsPsAI/editMessageMedia "HTTP/1.1 200 OK"
2026-02-16 03:15:56,344 - httpx - INFO - HTTP Request: POST https://api.telegram.org/bot8308955773:AAHRa238qrLCJPcbBvgrSJk3EPqbiGsPsAI/getUpdates "HTTP/1.1 200 OK"
2026-02-16 03:15:56,536 - httpx - INFO - HTTP Request: POST https://api.telegram.org/bot8308955773:AAHRa238qrLCJPcbBvgrSJk3EPqbiGsPsAI/answerCallbackQuery "HTTP/1.1 200 OK"
2026-02-16 03:15:57,528 - httpx - INFO - HTTP Request: POST https://api.telegram.org/bot8308955773:AAHRa238qrLCJPcbBvgrSJk3EPqbiGsPsAI/getUpdates "HTTP/1.1 200 OK"
2026-02-16 03:15:58,185 - httpx - INFO - HTTP Request: POST https://api.telegram.org/bot8308955773:AAHRa238qrLCJPcbBvgrSJk3EPqbiGsPsAI/editMessageMedia "HTTP/1.1 200 OK"
2026-02-16 03:16:00,288 - httpx - INFO - HTTP Request: POST https://api.telegram.org/bot8308955773:AAHRa238qrLCJPcbBvgrSJk3EPqbiGsPsAI/getUpdates "HTTP/1.1 200 OK"
2026-02-16 03:16:00,507 - httpx - INFO - HTTP Request: POST https://api.telegram.org/bot8308955773:AAHRa238qrLCJPcbBvgrSJk3EPqbiGsPsAI/sendVideo "HTTP/1.1 200 OK"
2026-02-16 03:16:01,684 - httpx - INFO - HTTP Request: POST https://api.telegram.org/bot8308955773:AAHRa238qrLCJPcbBvgrSJk3EPqbiGsPsAI/getUpdates "HTTP/1.1 200 OK"
2026-02-16 03:16:01,915 - httpx - INFO - HTTP Request: POST https://api.telegram.org/bot8308955773:AAHRa238qrLCJPcbBvgrSJk3EPqbiGsPsAI/editMessageMedia "HTTP/1.1 200 OK"
2026-02-16 03:16:02,914 - httpx - INFO - HTTP Request: POST https://api.telegram.org/bot8308955773:AAHRa238qrLCJPcbBvgrSJk3EPqbiGsPsAI/getUpdates "HTTP/1.1 200 OK"
2026-02-16 03:16:03,135 - httpx - INFO - HTTP Request: POST https://api.telegram.org/bot8308955773:AAHRa238qrLCJPcbBvgrSJk3EPqbiGsPsAI/answerCallbackQuery "HTTP/1.1 200 OK"
2026-02-16 03:16:04,044 - httpx - INFO - HTTP Request: POST https://api.telegram.org/bot8308955773:AAHRa238qrLCJPcbBvgrSJk3EPqbiGsPsAI/getUpdates "HTTP/1.1 200 OK"
2026-02-16 03:16:04,231 - httpx - INFO - HTTP Request: POST https://api.telegram.org/bot8308955773:AAHRa238qrLCJPcbBvgrSJk3EPqbiGsPsAI/answerCallbackQuery "HTTP/1.1 200 OK"
2026-02-16 03:16:10,030 - httpx - INFO - HTTP Request: POST https://api.telegram.org/bot8308955773:AAHRa238qrLCJPcbBvgrSJk3EPqbiGsPsAI/getUpdates "HTTP/1.1 200 OK"
2026-02-16 03:16:10,351 - httpx - INFO - HTTP Request: POST https://api.telegram.org/bot8308955773:AAHRa238qrLCJPcbBvgrSJk3EPqbiGsPsAI/sendPhoto "HTTP/1.1 200 OK"
2026-02-16 03:16:20,074 - httpx - INFO - HTTP Request: POST https://api.telegram.org/bot8308955773:AAHRa238qrLCJPcbBvgrSJk3EPqbiGsPsAI/getUpdates "HTTP/1.1 200 OK"
2026-02-16 03:16:23,208 - httpx - INFO - HTTP Request: POST https://api.telegram.org/bot8308955773:AAHRa238qrLCJPcbBvgrSJk3EPqbiGsPsAI/getUpdates "HTTP/1.1 200 OK"
2026-02-16 03:16:23,500 - httpx - INFO - HTTP Request: POST https://api.telegram.org/bot8308955773:AAHRa238qrLCJPcbBvgrSJk3EPqbiGsPsAI/sendMessage "HTTP/1.1 200 OK"
2026-02-16 03:16:33,233 - httpx - INFO - HTTP Request: POST https://api.telegram.org/bot8308955773:AAHRa238qrLCJPcbBvgrSJk3EPqbiGsPsAI/getUpdates "HTTP/1.1 200 OK"
2026-02-16 03:16:35,002 - httpx - INFO - HTTP Request: POST https://api.telegram.org/bot8308955773:AAHRa238qrLCJPcbBvgrSJk3EPqbiGsPsAI/getUpdates "HTTP/1.1 200 OK"
2026-02-16 03:16:35,264 - httpx - INFO - HTTP Request: POST https://api.telegram.org/bot8308955773:AAHRa238qrLCJPcbBvgrSJk3EPqbiGsPsAI/sendMessage "HTTP/1.1 200 OK"
2026-02-16 03:16:41,700 - httpx - INFO - HTTP Request: POST https://api.telegram.org/bot8308955773:AAHRa238qrLCJPcbBvgrSJk3EPqbiGsPsAI/getUpdates "HTTP/1.1 200 OK"
2026-02-16 03:16:41,984 - httpx - INFO - HTTP Request: POST https://api.telegram.org/bot8308955773:AAHRa238qrLCJPcbBvgrSJk3EPqbiGsPsAI/sendMessage "HTTP/1.1 200 OK"
2026-02-16 03:16:45,928 - httpx - INFO - HTTP Request: POST https://api.telegram.org/bot8308955773:AAHRa238qrLCJPcbBvgrSJk3EPqbiGsPsAI/getUpdates "HTTP/1.1 200 OK"
2026-02-16 03:16:46,226 - httpx - INFO - HTTP Request: POST https://api.telegram.org/bot8308955773:AAHRa238qrLCJPcbBvgrSJk3EPqbiGsPsAI/sendMessage "HTTP/1.1 200 OK"
2026-02-16 03:16:48,327 - httpx - INFO - HTTP Request: POST https://api.telegram.org/bot8308955773:AAHRa238qrLCJPcbBvgrSJk3EPqbiGsPsAI/getUpdates "HTTP/1.1 200 OK"
2026-02-16 03:16:48,547 - httpx - INFO - HTTP Request: POST https://api.telegram.org/bot8308955773:AAHRa238qrLCJPcbBvgrSJk3EPqbiGsPsAI/sendMessage "HTTP/1.1 200 OK"
2026-02-16 03:16:50,204 - httpx - INFO - HTTP Request: POST https://api.telegram.org/bot8308955773:AAHRa238qrLCJPcbBvgrSJk3EPqbiGsPsAI/getUpdates "HTTP/1.1 200 OK"
2026-02-16 03:16:50,411 - httpx - INFO - HTTP Request: POST https://api.telegram.org/bot8308955773:AAHRa238qrLCJPcbBvgrSJk3EPqbiGsPsAI/sendMessage "HTTP/1.1 200 OK"
2026-02-16 03:16:52,167 - httpx - INFO - HTTP Request: POST https://api.telegram.org/bot8308955773:AAHRa238qrLCJPcbBvgrSJk3EPqbiGsPsAI/getUpdates "HTTP/1.1 200 OK"
2026-02-16 03:16:52,378 - httpx - INFO - HTTP Request: POST https://api.telegram.org/bot8308955773:AAHRa238qrLCJPcbBvgrSJk3EPqbiGsPsAI/sendMessage "HTTP/1.1 200 OK"
2026-02-16 03:16:53,849 - httpx - INFO - HTTP Request: POST https://api.telegram.org/bot8308955773:AAHRa238qrLCJPcbBvgrSJk3EPqbiGsPsAI/getUpdates "HTTP/1.1 200 OK"
2026-02-16 03:16:54,058 - httpx - INFO - HTTP Request: POST https://api.telegram.org/bot8308955773:AAHRa238qrLCJPcbBvgrSJk3EPqbiGsPsAI/sendMessage "HTTP/1.1 200 OK"
2026-02-16 03:16:56,158 - httpx - INFO - HTTP Request: POST https://api.telegram.org/bot8308955773:AAHRa238qrLCJPcbBvgrSJk3EPqbiGsPsAI/getUpdates "HTTP/1.1 200 OK"
2026-02-16 03:16:56,368 - httpx - INFO - HTTP Request: POST https://api.telegram.org/bot8308955773:AAHRa238qrLCJPcbBvgrSJk3EPqbiGsPsAI/sendMessage "HTTP/1.1 200 OK"
2026-02-16 03:16:58,257 - httpx - INFO - HTTP Request: POST https://api.telegram.org/bot8308955773:AAHRa238qrLCJPcbBvgrSJk3EPqbiGsPsAI/getUpdates "HTTP/1.1 200 OK"
2026-02-16 03:16:58,486 - httpx - INFO - HTTP Request: POST https://api.telegram.org/bot8308955773:AAHRa238qrLCJPcbBvgrSJk3EPqbiGsPsAI/sendMessage "HTTP/1.1 200 OK"
2026-02-16 03:17:00,325 - httpx - INFO - HTTP Request: POST https://api.telegram.org/bot8308955773:AAHRa238qrLCJPcbBvgrSJk3EPqbiGsPsAI/getUpdates "HTTP/1.1 200 OK"
2026-02-16 03:17:00,536 - httpx - INFO - HTTP Request: POST https://api.telegram.org/bot8308955773:AAHRa238qrLCJPcbBvgrSJk3EPqbiGsPsAI/sendMessage "HTTP/1.1 200 OK"
2026-02-16 03:17:02,816 - httpx - INFO - HTTP Request: POST https://api.telegram.org/bot8308955773:AAHRa238qrLCJPcbBvgrSJk3EPqbiGsPsAI/getUpdates "HTTP/1.1 200 OK"
2026-02-16 03:17:03,097 - httpx - INFO - HTTP Request: POST https://api.telegram.org/bot8308955773:AAHRa238qrLCJPcbBvgrSJk3EPqbiGsPsAI/sendMessage "HTTP/1.1 200 OK"
2026-02-16 03:17:05,069 - httpx - INFO - HTTP Request: POST https://api.telegram.org/bot8308955773:AAHRa238qrLCJPcbBvgrSJk3EPqbiGsPsAI/getUpdates "HTTP/1.1 200 OK"
2026-02-16 03:17:05,286 - httpx - INFO - HTTP Request: POST https://api.telegram.org/bot8308955773:AAHRa238qrLCJPcbBvgrSJk3EPqbiGsPsAI/sendMessage "HTTP/1.1 200 OK"
2026-02-16 03:17:07,455 - httpx - INFO - HTTP Request: POST https://api.telegram.org/bot8308955773:AAHRa238qrLCJPcbBvgrSJk3EPqbiGsPsAI/getUpdates "HTTP/1.1 200 OK"
2026-02-16 03:17:07,708 - httpx - INFO - HTTP Request: POST https://api.telegram.org/bot8308955773:AAHRa238qrLCJPcbBvgrSJk3EPqbiGsPsAI/sendMessage "HTTP/1.1 200 OK"
2026-02-16 03:17:09,825 - httpx - INFO - HTTP Request: POST https://api.telegram.org/bot8308955773:AAHRa238qrLCJPcbBvgrSJk3EPqbiGsPsAI/getUpdates "HTTP/1.1 200 OK"
2026-02-16 03:17:10,042 - httpx - INFO - HTTP Request: POST https://api.telegram.org/bot8308955773:AAHRa238qrLCJPcbBvgrSJk3EPqbiGsPsAI/sendMessage "HTTP/1.1 200 OK"
2026-02-16 03:17:11,986 - httpx - INFO - HTTP Request: POST https://api.telegram.org/bot8308955773:AAHRa238qrLCJPcbBvgrSJk3EPqbiGsPsAI/getUpdates "HTTP/1.1 200 OK"
2026-02-16 03:17:12,235 - httpx - INFO - HTTP Request: POST https://api.telegram.org/bot8308955773:AAHRa238qrLCJPcbBvgrSJk3EPqbiGsPsAI/sendMessage "HTTP/1.1 200 OK"
2026-02-16 03:17:14,270 - httpx - INFO - HTTP Request: POST https://api.telegram.org/bot8308955773:AAHRa238qrLCJPcbBvgrSJk3EPqbiGsPsAI/getUpdates "HTTP/1.1 200 OK"
2026-02-16 03:17:14,556 - httpx - INFO - HTTP Request: POST https://api.telegram.org/bot8308955773:AAHRa238qrLCJPcbBvgrSJk3EPqbiGsPsAI/sendMessage "HTTP/1.1 200 OK"
2026-02-16 03:17:16,551 - httpx - INFO - HTTP Request: POST https://api.telegram.org/bot8308955773:AAHRa238qrLCJPcbBvgrSJk3EPqbiGsPsAI/getUpdates "HTTP/1.1 200 OK"
2026-02-16 03:17:16,757 - httpx - INFO - HTTP Request: POST https://api.telegram.org/bot8308955773:AAHRa238qrLCJPcbBvgrSJk3EPqbiGsPsAI/sendMessage "HTTP/1.1 200 OK"
2026-02-16 03:17:18,915 - httpx - INFO - HTTP Request: POST https://api.telegram.org/bot8308955773:AAHRa238qrLCJPcbBvgrSJk3EPqbiGsPsAI/getUpdates "HTTP/1.1 200 OK"
2026-02-16 03:17:19,168 - httpx - INFO - HTTP Request: POST https://api.telegram.org/bot8308955773:AAHRa238qrLCJPcbBvgrSJk3EPqbiGsPsAI/sendMessage "HTTP/1.1 200 OK"
2026-02-16 03:17:21,405 - httpx - INFO - HTTP Request: POST https://api.telegram.org/bot8308955773:AAHRa238qrLCJPcbBvgrSJk3EPqbiGsPsAI/getUpdates "HTTP/1.1 200 OK"
2026-02-16 03:17:21,628 - httpx - INFO - HTTP Request: POST https://api.telegram.org/bot8308955773:AAHRa238qrLCJPcbBvgrSJk3EPqbiGsPsAI/sendMessage "HTTP/1.1 200 OK"
2026-02-16 03:17:24,253 - httpx - INFO - HTTP Request: POST https://api.telegram.org/bot8308955773:AAHRa238qrLCJPcbBvgrSJk3EPqbiGsPsAI/getUpdates "HTTP/1.1 200 OK"
2026-02-16 03:17:24,738 - httpx - INFO - HTTP Request: POST https://api.telegram.org/bot8308955773:AAHRa238qrLCJPcbBvgrSJk3EPqbiGsPsAI/editMessageText "HTTP/1.1 200 OK"
2026-02-16 03:17:26,756 - httpx - INFO - HTTP Request: POST https://api.telegram.org/bot8308955773:AAHRa238qrLCJPcbBvgrSJk3EPqbiGsPsAI/getUpdates "HTTP/1.1 200 OK"
2026-02-16 03:17:27,223 - httpx - INFO - HTTP Request: POST https://api.telegram.org/bot8308955773:AAHRa238qrLCJPcbBvgrSJk3EPqbiGsPsAI/editMessageText "HTTP/1.1 200 OK"
2026-02-16 03:17:28,575 - httpx - INFO - HTTP Request: POST https://api.telegram.org/bot8308955773:AAHRa238qrLCJPcbBvgrSJk3EPqbiGsPsAI/getUpdates "HTTP/1.1 200 OK"
2026-02-16 03:17:28,766 - httpx - INFO - HTTP Request: POST https://api.telegram.org/bot8308955773:AAHRa238qrLCJPcbBvgrSJk3EPqbiGsPsAI/answerCallbackQuery "HTTP/1.1 200 OK"
2026-02-16 03:17:29,830 - httpx - INFO - HTTP Request: POST https://api.telegram.org/bot8308955773:AAHRa238qrLCJPcbBvgrSJk3EPqbiGsPsAI/getUpdates "HTTP/1.1 200 OK"
2026-02-16 03:17:30,332 - httpx - INFO - HTTP Request: POST https://api.telegram.org/bot8308955773:AAHRa238qrLCJPcbBvgrSJk3EPqbiGsPsAI/editMessageText "HTTP/1.1 200 OK"
2026-02-16 03:17:31,618 - httpx - INFO - HTTP Request: POST https://api.telegram.org/bot8308955773:AAHRa238qrLCJPcbBvgrSJk3EPqbiGsPsAI/getUpdates "HTTP/1.1 200 OK"
2026-02-16 03:17:31,808 - httpx - INFO - HTTP Request: POST https://api.telegram.org/bot8308955773:AAHRa238qrLCJPcbBvgrSJk3EPqbiGsPsAI/answerCallbackQuery "HTTP/1.1 200 OK"
2026-02-16 03:17:32,665 - httpx - INFO - HTTP Request: POST https://api.telegram.org/bot8308955773:AAHRa238qrLCJPcbBvgrSJk3EPqbiGsPsAI/getUpdates "HTTP/1.1 200 OK"
2026-02-16 03:17:33,110 - httpx - INFO - HTTP Request: POST https://api.telegram.org/bot8308955773:AAHRa238qrLCJPcbBvgrSJk3EPqbiGsPsAI/editMessageText "HTTP/1.1 200 OK"
2026-02-16 03:17:34,866 - httpx - INFO - HTTP Request: POST https://api.telegram.org/bot8308955773:AAHRa238qrLCJPcbBvgrSJk3EPqbiGsPsAI/getUpdates "HTTP/1.1 200 OK"
2026-02-16 03:17:35,290 - httpx - INFO - HTTP Request: POST https://api.telegram.org/bot8308955773:AAHRa238qrLCJPcbBvgrSJk3EPqbiGsPsAI/editMessageText "HTTP/1.1 200 OK"
2026-02-16 03:17:36,627 - httpx - INFO - HTTP Request: POST https://api.telegram.org/bot8308955773:AAHRa238qrLCJPcbBvgrSJk3EPqbiGsPsAI/getUpdates "HTTP/1.1 200 OK"
2026-02-16 03:17:36,815 - httpx - INFO - HTTP Request: POST https://api.telegram.org/bot8308955773:AAHRa238qrLCJPcbBvgrSJk3EPqbiGsPsAI/answerCallbackQuery "HTTP/1.1 200 OK"
2026-02-16 03:17:37,691 - httpx - INFO - HTTP Request: POST https://api.telegram.org/bot8308955773:AAHRa238qrLCJPcbBvgrSJk3EPqbiGsPsAI/getUpdates "HTTP/1.1 200 OK"
2026-02-16 03:17:38,110 - httpx - INFO - HTTP Request: POST https://api.telegram.org/bot8308955773:AAHRa238qrLCJPcbBvgrSJk3EPqbiGsPsAI/editMessageText "HTTP/1.1 200 OK"
2026-02-16 03:17:39,851 - httpx - INFO - HTTP Request: POST https://api.telegram.org/bot8308955773:AAHRa238qrLCJPcbBvgrSJk3EPqbiGsPsAI/getUpdates "HTTP/1.1 200 OK"
2026-02-16 03:17:40,299 - httpx - INFO - HTTP Request: POST https://api.telegram.org/bot8308955773:AAHRa238qrLCJPcbBvgrSJk3EPqbiGsPsAI/editMessageText "HTTP/1.1 200 OK"
2026-02-16 03:17:42,083 - httpx - INFO - HTTP Request: POST https://api.telegram.org/bot8308955773:AAHRa238qrLCJPcbBvgrSJk3EPqbiGsPsAI/getUpdates "HTTP/1.1 200 OK"
2026-02-16 03:17:42,510 - httpx - INFO - HTTP Request: POST https://api.telegram.org/bot8308955773:AAHRa238qrLCJPcbBvgrSJk3EPqbiGsPsAI/editMessageText "HTTP/1.1 200 OK"
2026-02-16 03:17:43,699 - httpx - INFO - HTTP Request: POST https://api.telegram.org/bot8308955773:AAHRa238qrLCJPcbBvgrSJk3EPqbiGsPsAI/getUpdates "HTTP/1.1 200 OK"
2026-02-16 03:17:43,887 - httpx - INFO - HTTP Request: POST https://api.telegram.org/bot8308955773:AAHRa238qrLCJPcbBvgrSJk3EPqbiGsPsAI/answerCallbackQuery "HTTP/1.1 200 OK"
2026-02-16 03:17:45,060 - httpx - INFO - HTTP Request: POST https://api.telegram.org/bot8308955773:AAHRa238qrLCJPcbBvgrSJk3EPqbiGsPsAI/getUpdates "HTTP/1.1 200 OK"
2026-02-16 03:17:45,506 - httpx - INFO - HTTP Request: POST https://api.telegram.org/bot8308955773:AAHRa238qrLCJPcbBvgrSJk3EPqbiGsPsAI/editMessageText "HTTP/1.1 200 OK"
2026-02-16 03:17:47,043 - httpx - INFO - HTTP Request: POST https://api.telegram.org/bot8308955773:AAHRa238qrLCJPcbBvgrSJk3EPqbiGsPsAI/getUpdates "HTTP/1.1 200 OK"
2026-02-16 03:17:47,233 - httpx - INFO - HTTP Request: POST https://api.telegram.org/bot8308955773:AAHRa238qrLCJPcbBvgrSJk3EPqbiGsPsAI/answerCallbackQuery "HTTP/1.1 200 OK"
2026-02-16 03:17:48,069 - httpx - INFO - HTTP Request: POST https://api.telegram.org/bot8308955773:AAHRa238qrLCJPcbBvgrSJk3EPqbiGsPsAI/getUpdates "HTTP/1.1 200 OK"
2026-02-16 03:17:48,574 - httpx - INFO - HTTP Request: POST https://api.telegram.org/bot8308955773:AAHRa238qrLCJPcbBvgrSJk3EPqbiGsPsAI/editMessageText "HTTP/1.1 200 OK"
2026-02-16 03:17:50,202 - httpx - INFO - HTTP Request: POST https://api.telegram.org/bot8308955773:AAHRa238qrLCJPcbBvgrSJk3EPqbiGsPsAI/getUpdates "HTTP/1.1 200 OK"
2026-02-16 03:17:50,621 - httpx - INFO - HTTP Request: POST https://api.telegram.org/bot8308955773:AAHRa238qrLCJPcbBvgrSJk3EPqbiGsPsAI/editMessageText "HTTP/1.1 200 OK"
2026-02-16 03:17:52,228 - httpx - INFO - HTTP Request: POST https://api.telegram.org/bot8308955773:AAHRa238qrLCJPcbBvgrSJk3EPqbiGsPsAI/getUpdates "HTTP/1.1 200 OK"
2026-02-16 03:17:52,642 - httpx - INFO - HTTP Request: POST https://api.telegram.org/bot8308955773:AAHRa238qrLCJPcbBvgrSJk3EPqbiGsPsAI/editMessageText "HTTP/1.1 200 OK"
2026-02-16 03:17:53,719 - httpx - INFO - HTTP Request: POST https://api.telegram.org/bot8308955773:AAHRa238qrLCJPcbBvgrSJk3EPqbiGsPsAI/getUpdates "HTTP/1.1 200 OK"
2026-02-16 03:17:53,906 - httpx - INFO - HTTP Request: POST https://api.telegram.org/bot8308955773:AAHRa238qrLCJPcbBvgrSJk3EPqbiGsPsAI/answerCallbackQuery "HTTP/1.1 200 OK"
2026-02-16 03:17:54,792 - httpx - INFO - HTTP Request: POST https://api.telegram.org/bot8308955773:AAHRa238qrLCJPcbBvgrSJk3EPqbiGsPsAI/getUpdates "HTTP/1.1 200 OK"
2026-02-16 03:17:55,216 - httpx - INFO - HTTP Request: POST https://api.telegram.org/bot8308955773:AAHRa238qrLCJPcbBvgrSJk3EPqbiGsPsAI/editMessageText "HTTP/1.1 200 OK"
2026-02-16 03:17:56,631 - httpx - INFO - HTTP Request: POST https://api.telegram.org/bot8308955773:AAHRa238qrLCJPcbBvgrSJk3EPqbiGsPsAI/getUpdates "HTTP/1.1 200 OK"
2026-02-16 03:17:56,817 - httpx - INFO - HTTP Request: POST https://api.telegram.org/bot8308955773:AAHRa238qrLCJPcbBvgrSJk3EPqbiGsPsAI/answerCallbackQuery "HTTP/1.1 200 OK"
2026-02-16 03:17:58,021 - httpx - INFO - HTTP Request: POST https://api.telegram.org/bot8308955773:AAHRa238qrLCJPcbBvgrSJk3EPqbiGsPsAI/getUpdates "HTTP/1.1 200 OK"
2026-02-16 03:17:58,448 - httpx - INFO - HTTP Request: POST https://api.telegram.org/bot8308955773:AAHRa238qrLCJPcbBvgrSJk3EPqbiGsPsAI/editMessageText "HTTP/1.1 200 OK"
2026-02-16 03:17:59,803 - httpx - INFO - HTTP Request: POST https://api.telegram.org/bot8308955773:AAHRa238qrLCJPcbBvgrSJk3EPqbiGsPsAI/getUpdates "HTTP/1.1 200 OK"
2026-02-16 03:17:59,993 - httpx - INFO - HTTP Request: POST https://api.telegram.org/bot8308955773:AAHRa238qrLCJPcbBvgrSJk3EPqbiGsPsAI/answerCallbackQuery "HTTP/1.1 200 OK"
2026-02-16 03:18:00,840 - httpx - INFO - HTTP Request: POST https://api.telegram.org/bot8308955773:AAHRa238qrLCJPcbBvgrSJk3EPqbiGsPsAI/getUpdates "HTTP/1.1 200 OK"
2026-02-16 03:18:01,307 - httpx - INFO - HTTP Request: POST https://api.telegram.org/bot8308955773:AAHRa238qrLCJPcbBvgrSJk3EPqbiGsPsAI/editMessageText "HTTP/1.1 200 OK"
2026-02-16 03:18:02,673 - httpx - INFO - HTTP Request: POST https://api.telegram.org/bot8308955773:AAHRa238qrLCJPcbBvgrSJk3EPqbiGsPsAI/getUpdates "HTTP/1.1 200 OK"
2026-02-16 03:18:02,953 - httpx - INFO - HTTP Request: POST https://api.telegram.org/bot8308955773:AAHRa238qrLCJPcbBvgrSJk3EPqbiGsPsAI/answerCallbackQuery "HTTP/1.1 200 OK"
2026-02-16 03:18:03,816 - httpx - INFO - HTTP Request: POST https://api.telegram.org/bot8308955773:AAHRa238qrLCJPcbBvgrSJk3EPqbiGsPsAI/getUpdates "HTTP/1.1 200 OK"
2026-02-16 03:18:04,306 - httpx - INFO - HTTP Request: POST https://api.telegram.org/bot8308955773:AAHRa238qrLCJPcbBvgrSJk3EPqbiGsPsAI/editMessageText "HTTP/1.1 200 OK"
2026-02-16 03:18:06,447 - httpx - INFO - HTTP Request: POST https://api.telegram.org/bot8308955773:AAHRa238qrLCJPcbBvgrSJk3EPqbiGsPsAI/getUpdates "HTTP/1.1 200 OK"
2026-02-16 03:18:06,905 - httpx - INFO - HTTP Request: POST https://api.telegram.org/bot8308955773:AAHRa238qrLCJPcbBvgrSJk3EPqbiGsPsAI/editMessageText "HTTP/1.1 200 OK"
2026-02-16 03:18:08,239 - httpx - INFO - HTTP Request: POST https://api.telegram.org/bot8308955773:AAHRa238qrLCJPcbBvgrSJk3EPqbiGsPsAI/getUpdates "HTTP/1.1 200 OK"
2026-02-16 03:18:08,427 - httpx - INFO - HTTP Request: POST https://api.telegram.org/bot8308955773:AAHRa238qrLCJPcbBvgrSJk3EPqbiGsPsAI/answerCallbackQuery "HTTP/1.1 200 OK"
2026-02-16 03:18:09,309 - httpx - INFO - HTTP Request: POST https://api.telegram.org/bot8308955773:AAHRa238qrLCJPcbBvgrSJk3EPqbiGsPsAI/getUpdates "HTTP/1.1 200 OK"
2026-02-16 03:18:09,729 - httpx - INFO - HTTP Request: POST https://api.telegram.org/bot8308955773:AAHRa238qrLCJPcbBvgrSJk3EPqbiGsPsAI/editMessageText "HTTP/1.1 200 OK"
2026-02-16 03:18:11,119 - httpx - INFO - HTTP Request: POST https://api.telegram.org/bot8308955773:AAHRa238qrLCJPcbBvgrSJk3EPqbiGsPsAI/getUpdates "HTTP/1.1 200 OK"
2026-02-16 03:18:11,309 - httpx - INFO - HTTP Request: POST https://api.telegram.org/bot8308955773:AAHRa238qrLCJPcbBvgrSJk3EPqbiGsPsAI/answerCallbackQuery "HTTP/1.1 200 OK"
2026-02-16 03:18:13,019 - httpx - INFO - HTTP Request: POST https://api.telegram.org/bot8308955773:AAHRa238qrLCJPcbBvgrSJk3EPqbiGsPsAI/getUpdates "HTTP/1.1 200 OK"
2026-02-16 03:18:13,440 - httpx - INFO - HTTP Request: POST https://api.telegram.org/bot8308955773:AAHRa238qrLCJPcbBvgrSJk3EPqbiGsPsAI/editMessageText "HTTP/1.1 200 OK"
2026-02-16 03:18:18,185 - httpx - INFO - HTTP Request: POST https://api.telegram.org/bot8308955773:AAHRa238qrLCJPcbBvgrSJk3EPqbiGsPsAI/getUpdates "HTTP/1.1 200 OK"
2026-02-16 03:18:18,414 - httpx - INFO - HTTP Request: POST https://api.telegram.org/bot8308955773:AAHRa238qrLCJPcbBvgrSJk3EPqbiGsPsAI/sendMessage "HTTP/1.1 200 OK"
2026-02-16 03:18:20,449 - httpx - INFO - HTTP Request: POST https://api.telegram.org/bot8308955773:AAHRa238qrLCJPcbBvgrSJk3EPqbiGsPsAI/getUpdates "HTTP/1.1 200 OK"
2026-02-16 03:18:20,842 - httpx - INFO - HTTP Request: POST https://api.telegram.org/bot8308955773:AAHRa238qrLCJPcbBvgrSJk3EPqbiGsPsAI/sendMessage "HTTP/1.1 200 OK"
2026-02-16 03:18:22,664 - httpx - INFO - HTTP Request: POST https://api.telegram.org/bot8308955773:AAHRa238qrLCJPcbBvgrSJk3EPqbiGsPsAI/getUpdates "HTTP/1.1 200 OK"
2026-02-16 03:18:23,114 - httpx - INFO - HTTP Request: POST https://api.telegram.org/bot8308955773:AAHRa238qrLCJPcbBvgrSJk3EPqbiGsPsAI/sendMessage "HTTP/1.1 200 OK"
2026-02-16 03:18:32,927 - httpx - INFO - HTTP Request: POST https://api.telegram.org/bot8308955773:AAHRa238qrLCJPcbBvgrSJk3EPqbiGsPsAI/getUpdates "HTTP/1.1 200 OK"
2026-02-16 03:18:32,946 - httpx - INFO - HTTP Request: POST https://api.telegram.org/bot8308955773:AAHRa238qrLCJPcbBvgrSJk3EPqbiGsPsAI/getUpdates "HTTP/1.1 200 OK"
2026-02-16 03:18:33,206 - httpx - INFO - HTTP Request: POST https://api.telegram.org/bot8308955773:AAHRa238qrLCJPcbBvgrSJk3EPqbiGsPsAI/sendPhoto "HTTP/1.1 200 OK"
2026-02-16 03:18:35,401 - httpx - INFO - HTTP Request: POST https://api.telegram.org/bot8308955773:AAHRa238qrLCJPcbBvgrSJk3EPqbiGsPsAI/getUpdates "HTTP/1.1 200 OK"
2026-02-16 03:18:35,427 - httpx - INFO - HTTP Request: POST https://api.telegram.org/bot8308955773:AAHRa238qrLCJPcbBvgrSJk3EPqbiGsPsAI/editMessageText "HTTP/1.1 400 Bad Request"
2026-02-16 03:18:35,632 - httpx - INFO - HTTP Request: POST https://api.telegram.org/bot8308955773:AAHRa238qrLCJPcbBvgrSJk3EPqbiGsPsAI/editMessageCaption "HTTP/1.1 200 OK"
2026-02-16 03:18:38,105 - httpx - INFO - HTTP Request: POST https://api.telegram.org/bot8308955773:AAHRa238qrLCJPcbBvgrSJk3EPqbiGsPsAI/getUpdates "HTTP/1.1 200 OK"
2026-02-16 03:18:38,298 - httpx - INFO - HTTP Request: POST https://api.telegram.org/bot8308955773:AAHRa238qrLCJPcbBvgrSJk3EPqbiGsPsAI/answerCallbackQuery "HTTP/1.1 200 OK"
2026-02-16 03:18:38,725 - httpx - INFO - HTTP Request: POST https://api.telegram.org/bot8308955773:AAHRa238qrLCJPcbBvgrSJk3EPqbiGsPsAI/editMessageCaption "HTTP/1.1 200 OK"
2026-02-16 03:18:41,110 - httpx - INFO - HTTP Request: POST https://api.telegram.org/bot8308955773:AAHRa238qrLCJPcbBvgrSJk3EPqbiGsPsAI/getUpdates "HTTP/1.1 200 OK"
2026-02-16 03:18:41,132 - httpx - INFO - HTTP Request: POST https://api.telegram.org/bot8308955773:AAHRa238qrLCJPcbBvgrSJk3EPqbiGsPsAI/sendPhoto "HTTP/1.1 400 Bad Request"
2026-02-16 03:18:41,134 - root - ERROR - Image failed for Dellinger: Wrong remote file identifier specified: can't unserialize it. wrong last symbol
2026-02-16 03:18:41,340 - httpx - INFO - HTTP Request: POST https://api.telegram.org/bot8308955773:AAHRa238qrLCJPcbBvgrSJk3EPqbiGsPsAI/sendMessage "HTTP/1.1 200 OK"
2026-02-16 03:18:43,532 - httpx - INFO - HTTP Request: POST https://api.telegram.org/bot8308955773:AAHRa238qrLCJPcbBvgrSJk3EPqbiGsPsAI/getUpdates "HTTP/1.1 200 OK"
2026-02-16 03:18:43,781 - httpx - INFO - HTTP Request: POST https://api.telegram.org/bot8308955773:AAHRa238qrLCJPcbBvgrSJk3EPqbiGsPsAI/editMessageText "HTTP/1.1 200 OK"
2026-02-16 03:18:45,737 - httpx - INFO - HTTP Request: POST https://api.telegram.org/bot8308955773:AAHRa238qrLCJPcbBvgrSJk3EPqbiGsPsAI/getUpdates "HTTP/1.1 200 OK"
2026-02-16 03:18:45,758 - httpx - INFO - HTTP Request: POST https://api.telegram.org/bot8308955773:AAHRa238qrLCJPcbBvgrSJk3EPqbiGsPsAI/editMessageText "HTTP/1.1 400 Bad Request"
2026-02-16 03:18:45,961 - httpx - INFO - HTTP Request: POST https://api.telegram.org/bot8308955773:AAHRa238qrLCJPcbBvgrSJk3EPqbiGsPsAI/editMessageCaption "HTTP/1.1 200 OK"
2026-02-16 03:18:46,139 - httpx - INFO - HTTP Request: POST https://api.telegram.org/bot8308955773:AAHRa238qrLCJPcbBvgrSJk3EPqbiGsPsAI/getUpdates "HTTP/1.1 200 OK"
2026-02-16 03:18:46,328 - httpx - INFO - HTTP Request: POST https://api.telegram.org/bot8308955773:AAHRa238qrLCJPcbBvgrSJk3EPqbiGsPsAI/answerCallbackQuery "HTTP/1.1 200 OK"
2026-02-16 03:18:46,565 - httpx - INFO - HTTP Request: POST https://api.telegram.org/bot8308955773:AAHRa238qrLCJPcbBvgrSJk3EPqbiGsPsAI/editMessageCaption "HTTP/1.1 400 Bad Request"
2026-02-16 03:18:46,761 - httpx - INFO - HTTP Request: POST https://api.telegram.org/bot8308955773:AAHRa238qrLCJPcbBvgrSJk3EPqbiGsPsAI/editMessageText "HTTP/1.1 200 OK"
2026-02-16 03:18:47,280 - httpx - INFO - HTTP Request: POST https://api.telegram.org/bot8308955773:AAHRa238qrLCJPcbBvgrSJk3EPqbiGsPsAI/getUpdates "HTTP/1.1 200 OK"
2026-02-16 03:18:47,325 - httpx - INFO - HTTP Request: POST https://api.telegram.org/bot8308955773:AAHRa238qrLCJPcbBvgrSJk3EPqbiGsPsAI/getUpdates "HTTP/1.1 200 OK"
2026-02-16 03:18:47,473 - httpx - INFO - HTTP Request: POST https://api.telegram.org/bot8308955773:AAHRa238qrLCJPcbBvgrSJk3EPqbiGsPsAI/answerCallbackQuery "HTTP/1.1 200 OK"
2026-02-16 03:18:47,953 - httpx - INFO - HTTP Request: POST https://api.telegram.org/bot8308955773:AAHRa238qrLCJPcbBvgrSJk3EPqbiGsPsAI/sendMessage "HTTP/1.1 200 OK"
2026-02-16 03:18:48,802 - httpx - INFO - HTTP Request: POST https://api.telegram.org/bot8308955773:AAHRa238qrLCJPcbBvgrSJk3EPqbiGsPsAI/getUpdates "HTTP/1.1 200 OK"
2026-02-16 03:18:48,994 - httpx - INFO - HTTP Request: POST https://api.telegram.org/bot8308955773:AAHRa238qrLCJPcbBvgrSJk3EPqbiGsPsAI/answerCallbackQuery "HTTP/1.1 200 OK"
2026-02-16 03:18:49,218 - httpx - INFO - HTTP Request: POST https://api.telegram.org/bot8308955773:AAHRa238qrLCJPcbBvgrSJk3EPqbiGsPsAI/getUpdates "HTTP/1.1 200 OK"
2026-02-16 03:18:49,542 - httpx - INFO - HTTP Request: POST https://api.telegram.org/bot8308955773:AAHRa238qrLCJPcbBvgrSJk3EPqbiGsPsAI/editMessageCaption "HTTP/1.1 200 OK"
2026-02-16 03:18:49,805 - httpx - INFO - HTTP Request: POST https://api.telegram.org/bot8308955773:AAHRa238qrLCJPcbBvgrSJk3EPqbiGsPsAI/sendPhoto "HTTP/1.1 200 OK"
2026-02-16 03:18:51,794 - httpx - INFO - HTTP Request: POST https://api.telegram.org/bot8308955773:AAHRa238qrLCJPcbBvgrSJk3EPqbiGsPsAI/getUpdates "HTTP/1.1 200 OK"
2026-02-16 03:18:52,036 - httpx - INFO - HTTP Request: POST https://api.telegram.org/bot8308955773:AAHRa238qrLCJPcbBvgrSJk3EPqbiGsPsAI/getUpdates "HTTP/1.1 200 OK"
2026-02-16 03:18:52,220 - httpx - INFO - HTTP Request: POST https://api.telegram.org/bot8308955773:AAHRa238qrLCJPcbBvgrSJk3EPqbiGsPsAI/sendMessage "HTTP/1.1 200 OK"
2026-02-16 03:18:52,241 - httpx - INFO - HTTP Request: POST https://api.telegram.org/bot8308955773:AAHRa238qrLCJPcbBvgrSJk3EPqbiGsPsAI/editMessageText "HTTP/1.1 400 Bad Request"
2026-02-16 03:18:52,448 - httpx - INFO - HTTP Request: POST https://api.telegram.org/bot8308955773:AAHRa238qrLCJPcbBvgrSJk3EPqbiGsPsAI/editMessageCaption "HTTP/1.1 200 OK"
2026-02-16 03:18:53,610 - httpx - INFO - HTTP Request: POST https://api.telegram.org/bot8308955773:AAHRa238qrLCJPcbBvgrSJk3EPqbiGsPsAI/getUpdates "HTTP/1.1 200 OK"
2026-02-16 03:18:53,822 - httpx - INFO - HTTP Request: POST https://api.telegram.org/bot8308955773:AAHRa238qrLCJPcbBvgrSJk3EPqbiGsPsAI/sendPhoto "HTTP/1.1 200 OK"
2026-02-16 03:18:54,826 - httpx - INFO - HTTP Request: POST https://api.telegram.org/bot8308955773:AAHRa238qrLCJPcbBvgrSJk3EPqbiGsPsAI/getUpdates "HTTP/1.1 200 OK"
2026-02-16 03:18:55,016 - httpx - INFO - HTTP Request: POST https://api.telegram.org/bot8308955773:AAHRa238qrLCJPcbBvgrSJk3EPqbiGsPsAI/answerCallbackQuery "HTTP/1.1 200 OK"
2026-02-16 03:18:55,450 - httpx - INFO - HTTP Request: POST https://api.telegram.org/bot8308955773:AAHRa238qrLCJPcbBvgrSJk3EPqbiGsPsAI/editMessageCaption "HTTP/1.1 200 OK"
2026-02-16 03:18:56,860 - httpx - INFO - HTTP Request: POST https://api.telegram.org/bot8308955773:AAHRa238qrLCJPcbBvgrSJk3EPqbiGsPsAI/getUpdates "HTTP/1.1 200 OK"
2026-02-16 03:18:56,884 - httpx - INFO - HTTP Request: POST https://api.telegram.org/bot8308955773:AAHRa238qrLCJPcbBvgrSJk3EPqbiGsPsAI/editMessageText "HTTP/1.1 400 Bad Request"
2026-02-16 03:18:57,090 - httpx - INFO - HTTP Request: POST https://api.telegram.org/bot8308955773:AAHRa238qrLCJPcbBvgrSJk3EPqbiGsPsAI/editMessageCaption "HTTP/1.1 200 OK"
2026-02-16 03:18:57,817 - httpx - INFO - HTTP Request: POST https://api.telegram.org/bot8308955773:AAHRa238qrLCJPcbBvgrSJk3EPqbiGsPsAI/getUpdates "HTTP/1.1 200 OK"
2026-02-16 03:18:58,035 - httpx - INFO - HTTP Request: POST https://api.telegram.org/bot8308955773:AAHRa238qrLCJPcbBvgrSJk3EPqbiGsPsAI/sendPhoto "HTTP/1.1 200 OK"
2026-02-16 03:18:58,286 - httpx - INFO - HTTP Request: POST https://api.telegram.org/bot8308955773:AAHRa238qrLCJPcbBvgrSJk3EPqbiGsPsAI/getUpdates "HTTP/1.1 200 OK"
2026-02-16 03:18:58,485 - httpx - INFO - HTTP Request: POST https://api.telegram.org/bot8308955773:AAHRa238qrLCJPcbBvgrSJk3EPqbiGsPsAI/answerCallbackQuery "HTTP/1.1 200 OK"
2026-02-16 03:18:59,413 - httpx - INFO - HTTP Request: POST https://api.telegram.org/bot8308955773:AAHRa238qrLCJPcbBvgrSJk3EPqbiGsPsAI/getUpdates "HTTP/1.1 200 OK"
2026-02-16 03:18:59,605 - httpx - INFO - HTTP Request: POST https://api.telegram.org/bot8308955773:AAHRa238qrLCJPcbBvgrSJk3EPqbiGsPsAI/answerCallbackQuery "HTTP/1.1 200 OK"
2026-02-16 03:19:00,028 - httpx - INFO - HTTP Request: POST https://api.telegram.org/bot8308955773:AAHRa238qrLCJPcbBvgrSJk3EPqbiGsPsAI/editMessageCaption "HTTP/1.1 200 OK"
2026-02-16 03:19:00,239 - httpx - INFO - HTTP Request: POST https://api.telegram.org/bot8308955773:AAHRa238qrLCJPcbBvgrSJk3EPqbiGsPsAI/getUpdates "HTTP/1.1 200 OK"
2026-02-16 03:19:00,263 - httpx - INFO - HTTP Request: POST https://api.telegram.org/bot8308955773:AAHRa238qrLCJPcbBvgrSJk3EPqbiGsPsAI/editMessageText "HTTP/1.1 400 Bad Request"
2026-02-16 03:19:00,484 - httpx - INFO - HTTP Request: POST https://api.telegram.org/bot8308955773:AAHRa238qrLCJPcbBvgrSJk3EPqbiGsPsAI/editMessageCaption "HTTP/1.1 200 OK"
2026-02-16 03:19:00,983 - httpx - INFO - HTTP Request: POST https://api.telegram.org/bot8308955773:AAHRa238qrLCJPcbBvgrSJk3EPqbiGsPsAI/getUpdates "HTTP/1.1 200 OK"
2026-02-16 03:19:01,195 - httpx - INFO - HTTP Request: POST https://api.telegram.org/bot8308955773:AAHRa238qrLCJPcbBvgrSJk3EPqbiGsPsAI/sendPhoto "HTTP/1.1 200 OK"
2026-02-16 03:19:02,480 - httpx - INFO - HTTP Request: POST https://api.telegram.org/bot8308955773:AAHRa238qrLCJPcbBvgrSJk3EPqbiGsPsAI/getUpdates "HTTP/1.1 200 OK"
2026-02-16 03:19:02,532 - httpx - INFO - HTTP Request: POST https://api.telegram.org/bot8308955773:AAHRa238qrLCJPcbBvgrSJk3EPqbiGsPsAI/editMessageText "HTTP/1.1 400 Bad Request"
2026-02-16 03:19:02,749 - httpx - INFO - HTTP Request: POST https://api.telegram.org/bot8308955773:AAHRa238qrLCJPcbBvgrSJk3EPqbiGsPsAI/editMessageCaption "HTTP/1.1 200 OK"
2026-02-16 03:19:02,840 - httpx - INFO - HTTP Request: POST https://api.telegram.org/bot8308955773:AAHRa238qrLCJPcbBvgrSJk3EPqbiGsPsAI/getUpdates "HTTP/1.1 200 OK"
2026-02-16 03:19:03,002 - httpx - INFO - HTTP Request: POST https://api.telegram.org/bot8308955773:AAHRa238qrLCJPcbBvgrSJk3EPqbiGsPsAI/getUpdates "HTTP/1.1 200 OK"
2026-02-16 03:19:03,038 - httpx - INFO - HTTP Request: POST https://api.telegram.org/bot8308955773:AAHRa238qrLCJPcbBvgrSJk3EPqbiGsPsAI/answerCallbackQuery "HTTP/1.1 200 OK"
2026-02-16 03:19:03,508 - httpx - INFO - HTTP Request: POST https://api.telegram.org/bot8308955773:AAHRa238qrLCJPcbBvgrSJk3EPqbiGsPsAI/editMessageCaption "HTTP/1.1 200 OK"
2026-02-16 03:19:03,770 - httpx - INFO - HTTP Request: POST https://api.telegram.org/bot8308955773:AAHRa238qrLCJPcbBvgrSJk3EPqbiGsPsAI/getUpdates "HTTP/1.1 200 OK"
2026-02-16 03:19:03,974 - httpx - INFO - HTTP Request: POST https://api.telegram.org/bot8308955773:AAHRa238qrLCJPcbBvgrSJk3EPqbiGsPsAI/answerCallbackQuery "HTTP/1.1 200 OK"
2026-02-16 03:19:04,786 - httpx - INFO - HTTP Request: POST https://api.telegram.org/bot8308955773:AAHRa238qrLCJPcbBvgrSJk3EPqbiGsPsAI/getUpdates "HTTP/1.1 200 OK"
2026-02-16 03:19:04,979 - httpx - INFO - HTTP Request: POST https://api.telegram.org/bot8308955773:AAHRa238qrLCJPcbBvgrSJk3EPqbiGsPsAI/answerCallbackQuery "HTTP/1.1 200 OK"
2026-02-16 03:19:05,471 - httpx - INFO - HTTP Request: POST https://api.telegram.org/bot8308955773:AAHRa238qrLCJPcbBvgrSJk3EPqbiGsPsAI/editMessageCaption "HTTP/1.1 200 OK"
2026-02-16 03:19:05,921 - httpx - INFO - HTTP Request: POST https://api.telegram.org/bot8308955773:AAHRa238qrLCJPcbBvgrSJk3EPqbiGsPsAI/getUpdates "HTTP/1.1 200 OK"
2026-02-16 03:19:06,162 - httpx - INFO - HTTP Request: POST https://api.telegram.org/bot8308955773:AAHRa238qrLCJPcbBvgrSJk3EPqbiGsPsAI/getUpdates "HTTP/1.1 200 OK"
2026-02-16 03:19:06,216 - httpx - INFO - HTTP Request: POST https://api.telegram.org/bot8308955773:AAHRa238qrLCJPcbBvgrSJk3EPqbiGsPsAI/sendPhoto "HTTP/1.1 200 OK"
2026-02-16 03:19:06,442 - httpx - INFO - HTTP Request: POST https://api.telegram.org/bot8308955773:AAHRa238qrLCJPcbBvgrSJk3EPqbiGsPsAI/sendPhoto "HTTP/1.1 200 OK"
2026-02-16 03:19:07,736 - httpx - INFO - HTTP Request: POST https://api.telegram.org/bot8308955773:AAHRa238qrLCJPcbBvgrSJk3EPqbiGsPsAI/getUpdates "HTTP/1.1 200 OK"
2026-02-16 03:19:07,757 - httpx - INFO - HTTP Request: POST https://api.telegram.org/bot8308955773:AAHRa238qrLCJPcbBvgrSJk3EPqbiGsPsAI/editMessageText "HTTP/1.1 400 Bad Request"
2026-02-16 03:19:07,965 - httpx - INFO - HTTP Request: POST https://api.telegram.org/bot8308955773:AAHRa238qrLCJPcbBvgrSJk3EPqbiGsPsAI/editMessageCaption "HTTP/1.1 200 OK"
2026-02-16 03:19:08,496 - httpx - INFO - HTTP Request: POST https://api.telegram.org/bot8308955773:AAHRa238qrLCJPcbBvgrSJk3EPqbiGsPsAI/getUpdates "HTTP/1.1 200 OK"
2026-02-16 03:19:08,521 - httpx - INFO - HTTP Request: POST https://api.telegram.org/bot8308955773:AAHRa238qrLCJPcbBvgrSJk3EPqbiGsPsAI/editMessageText "HTTP/1.1 400 Bad Request"
2026-02-16 03:19:08,736 - httpx - INFO - HTTP Request: POST https://api.telegram.org/bot8308955773:AAHRa238qrLCJPcbBvgrSJk3EPqbiGsPsAI/editMessageCaption "HTTP/1.1 200 OK"
2026-02-16 03:19:09,282 - httpx - INFO - HTTP Request: POST https://api.telegram.org/bot8308955773:AAHRa238qrLCJPcbBvgrSJk3EPqbiGsPsAI/getUpdates "HTTP/1.1 200 OK"
2026-02-16 03:19:09,473 - httpx - INFO - HTTP Request: POST https://api.telegram.org/bot8308955773:AAHRa238qrLCJPcbBvgrSJk3EPqbiGsPsAI/answerCallbackQuery "HTTP/1.1 200 OK"
2026-02-16 03:19:10,287 - httpx - INFO - HTTP Request: POST https://api.telegram.org/bot8308955773:AAHRa238qrLCJPcbBvgrSJk3EPqbiGsPsAI/getUpdates "HTTP/1.1 200 OK"
2026-02-16 03:19:10,480 - httpx - INFO - HTTP Request: POST https://api.telegram.org/bot8308955773:AAHRa238qrLCJPcbBvgrSJk3EPqbiGsPsAI/answerCallbackQuery "HTTP/1.1 200 OK"
2026-02-16 03:19:10,905 - httpx - INFO - HTTP Request: POST https://api.telegram.org/bot8308955773:AAHRa238qrLCJPcbBvgrSJk3EPqbiGsPsAI/editMessageCaption "HTTP/1.1 200 OK"
2026-02-16 03:19:11,112 - httpx - INFO - HTTP Request: POST https://api.telegram.org/bot8308955773:AAHRa238qrLCJPcbBvgrSJk3EPqbiGsPsAI/getUpdates "HTTP/1.1 200 OK"
2026-02-16 03:19:11,300 - httpx - INFO - HTTP Request: POST https://api.telegram.org/bot8308955773:AAHRa238qrLCJPcbBvgrSJk3EPqbiGsPsAI/answerCallbackQuery "HTTP/1.1 200 OK"
2026-02-16 03:19:11,523 - httpx - INFO - HTTP Request: POST https://api.telegram.org/bot8308955773:AAHRa238qrLCJPcbBvgrSJk3EPqbiGsPsAI/getUpdates "HTTP/1.1 200 OK"
2026-02-16 03:19:11,723 - httpx - INFO - HTTP Request: POST https://api.telegram.org/bot8308955773:AAHRa238qrLCJPcbBvgrSJk3EPqbiGsPsAI/editMessageCaption "HTTP/1.1 200 OK"
2026-02-16 03:19:11,884 - httpx - INFO - HTTP Request: POST https://api.telegram.org/bot8308955773:AAHRa238qrLCJPcbBvgrSJk3EPqbiGsPsAI/getUpdates "HTTP/1.1 200 OK"
2026-02-16 03:19:12,106 - httpx - INFO - HTTP Request: POST https://api.telegram.org/bot8308955773:AAHRa238qrLCJPcbBvgrSJk3EPqbiGsPsAI/sendPhoto "HTTP/1.1 200 OK"
2026-02-16 03:19:13,383 - httpx - INFO - HTTP Request: POST https://api.telegram.org/bot8308955773:AAHRa238qrLCJPcbBvgrSJk3EPqbiGsPsAI/getUpdates "HTTP/1.1 200 OK"
2026-02-16 03:19:13,404 - httpx - INFO - HTTP Request: POST https://api.telegram.org/bot8308955773:AAHRa238qrLCJPcbBvgrSJk3EPqbiGsPsAI/editMessageText "HTTP/1.1 400 Bad Request"
2026-02-16 03:19:13,611 - httpx - INFO - HTTP Request: POST https://api.telegram.org/bot8308955773:AAHRa238qrLCJPcbBvgrSJk3EPqbiGsPsAI/editMessageCaption "HTTP/1.1 200 OK"
2026-02-16 03:19:14,110 - httpx - INFO - HTTP Request: POST https://api.telegram.org/bot8308955773:AAHRa238qrLCJPcbBvgrSJk3EPqbiGsPsAI/getUpdates "HTTP/1.1 200 OK"
2026-02-16 03:19:14,497 - httpx - INFO - HTTP Request: POST https://api.telegram.org/bot8308955773:AAHRa238qrLCJPcbBvgrSJk3EPqbiGsPsAI/getUpdates "HTTP/1.1 200 OK"
2026-02-16 03:19:14,539 - httpx - INFO - HTTP Request: POST https://api.telegram.org/bot8308955773:AAHRa238qrLCJPcbBvgrSJk3EPqbiGsPsAI/sendMessage "HTTP/1.1 200 OK"
2026-02-16 03:19:14,814 - httpx - INFO - HTTP Request: POST https://api.telegram.org/bot8308955773:AAHRa238qrLCJPcbBvgrSJk3EPqbiGsPsAI/answerCallbackQuery "HTTP/1.1 200 OK"
2026-02-16 03:19:15,566 - httpx - INFO - HTTP Request: POST https://api.telegram.org/bot8308955773:AAHRa238qrLCJPcbBvgrSJk3EPqbiGsPsAI/getUpdates "HTTP/1.1 200 OK"
2026-02-16 03:19:15,775 - httpx - INFO - HTTP Request: POST https://api.telegram.org/bot8308955773:AAHRa238qrLCJPcbBvgrSJk3EPqbiGsPsAI/answerCallbackQuery "HTTP/1.1 200 OK"
2026-02-16 03:19:16,202 - httpx - INFO - HTTP Request: POST https://api.telegram.org/bot8308955773:AAHRa238qrLCJPcbBvgrSJk3EPqbiGsPsAI/editMessageCaption "HTTP/1.1 200 OK"
2026-02-16 03:19:16,762 - httpx - INFO - HTTP Request: POST https://api.telegram.org/bot8308955773:AAHRa238qrLCJPcbBvgrSJk3EPqbiGsPsAI/getUpdates "HTTP/1.1 200 OK"
2026-02-16 03:19:16,900 - httpx - INFO - HTTP Request: POST https://api.telegram.org/bot8308955773:AAHRa238qrLCJPcbBvgrSJk3EPqbiGsPsAI/getUpdates "HTTP/1.1 200 OK"
2026-02-16 03:19:16,971 - httpx - INFO - HTTP Request: POST https://api.telegram.org/bot8308955773:AAHRa238qrLCJPcbBvgrSJk3EPqbiGsPsAI/sendPhoto "HTTP/1.1 200 OK"
2026-02-16 03:19:17,178 - httpx - INFO - HTTP Request: POST https://api.telegram.org/bot8308955773:AAHRa238qrLCJPcbBvgrSJk3EPqbiGsPsAI/sendPhoto "HTTP/1.1 200 OK"
2026-02-16 03:19:18,334 - httpx - INFO - HTTP Request: POST https://api.telegram.org/bot8308955773:AAHRa238qrLCJPcbBvgrSJk3EPqbiGsPsAI/getUpdates "HTTP/1.1 200 OK"
2026-02-16 03:19:18,357 - httpx - INFO - HTTP Request: POST https://api.telegram.org/bot8308955773:AAHRa238qrLCJPcbBvgrSJk3EPqbiGsPsAI/editMessageText "HTTP/1.1 400 Bad Request"
2026-02-16 03:19:18,564 - httpx - INFO - HTTP Request: POST https://api.telegram.org/bot8308955773:AAHRa238qrLCJPcbBvgrSJk3EPqbiGsPsAI/editMessageCaption "HTTP/1.1 200 OK"
2026-02-16 03:19:19,163 - httpx - INFO - HTTP Request: POST https://api.telegram.org/bot8308955773:AAHRa238qrLCJPcbBvgrSJk3EPqbiGsPsAI/getUpdates "HTTP/1.1 200 OK"
2026-02-16 03:19:19,190 - httpx - INFO - HTTP Request: POST https://api.telegram.org/bot8308955773:AAHRa238qrLCJPcbBvgrSJk3EPqbiGsPsAI/editMessageText "HTTP/1.1 400 Bad Request"
2026-02-16 03:19:19,411 - httpx - INFO - HTTP Request: POST https://api.telegram.org/bot8308955773:AAHRa238qrLCJPcbBvgrSJk3EPqbiGsPsAI/editMessageCaption "HTTP/1.1 200 OK"
2026-02-16 03:19:19,432 - httpx - INFO - HTTP Request: POST https://api.telegram.org/bot8308955773:AAHRa238qrLCJPcbBvgrSJk3EPqbiGsPsAI/getUpdates "HTTP/1.1 200 OK"
2026-02-16 03:19:19,619 - httpx - INFO - HTTP Request: POST https://api.telegram.org/bot8308955773:AAHRa238qrLCJPcbBvgrSJk3EPqbiGsPsAI/answerCallbackQuery "HTTP/1.1 200 OK"
2026-02-16 03:19:20,366 - httpx - INFO - HTTP Request: POST https://api.telegram.org/bot8308955773:AAHRa238qrLCJPcbBvgrSJk3EPqbiGsPsAI/getUpdates "HTTP/1.1 200 OK"
2026-02-16 03:19:20,557 - httpx - INFO - HTTP Request: POST https://api.telegram.org/bot8308955773:AAHRa238qrLCJPcbBvgrSJk3EPqbiGsPsAI/answerCallbackQuery "HTTP/1.1 200 OK"
2026-02-16 03:19:20,990 - httpx - INFO - HTTP Request: POST https://api.telegram.org/bot8308955773:AAHRa238qrLCJPcbBvgrSJk3EPqbiGsPsAI/editMessageCaption "HTTP/1.1 200 OK"
2026-02-16 03:19:21,768 - httpx - INFO - HTTP Request: POST https://api.telegram.org/bot8308955773:AAHRa238qrLCJPcbBvgrSJk3EPqbiGsPsAI/getUpdates "HTTP/1.1 200 OK"
2026-02-16 03:19:21,965 - httpx - INFO - HTTP Request: POST https://api.telegram.org/bot8308955773:AAHRa238qrLCJPcbBvgrSJk3EPqbiGsPsAI/getUpdates "HTTP/1.1 200 OK"
2026-02-16 03:19:22,167 - httpx - INFO - HTTP Request: POST https://api.telegram.org/bot8308955773:AAHRa238qrLCJPcbBvgrSJk3EPqbiGsPsAI/answerCallbackQuery "HTTP/1.1 200 OK"
2026-02-16 03:19:22,620 - httpx - INFO - HTTP Request: POST https://api.telegram.org/bot8308955773:AAHRa238qrLCJPcbBvgrSJk3EPqbiGsPsAI/editMessageCaption "HTTP/1.1 200 OK"
2026-02-16 03:19:23,047 - httpx - INFO - HTTP Request: POST https://api.telegram.org/bot8308955773:AAHRa238qrLCJPcbBvgrSJk3EPqbiGsPsAI/sendMessage "HTTP/1.1 200 OK"
2026-02-16 03:19:24,668 - httpx - INFO - HTTP Request: POST https://api.telegram.org/bot8308955773:AAHRa238qrLCJPcbBvgrSJk3EPqbiGsPsAI/getUpdates "HTTP/1.1 200 OK"
2026-02-16 03:19:24,887 - httpx - INFO - HTTP Request: POST https://api.telegram.org/bot8308955773:AAHRa238qrLCJPcbBvgrSJk3EPqbiGsPsAI/sendPhoto "HTTP/1.1 200 OK"
2026-02-16 03:19:24,997 - httpx - INFO - HTTP Request: POST https://api.telegram.org/bot8308955773:AAHRa238qrLCJPcbBvgrSJk3EPqbiGsPsAI/getUpdates "HTTP/1.1 200 OK"
2026-02-16 03:19:25,213 - httpx - INFO - HTTP Request: POST https://api.telegram.org/bot8308955773:AAHRa238qrLCJPcbBvgrSJk3EPqbiGsPsAI/sendPhoto "HTTP/1.1 200 OK"
2026-02-16 03:19:27,407 - httpx - INFO - HTTP Request: POST https://api.telegram.org/bot8308955773:AAHRa238qrLCJPcbBvgrSJk3EPqbiGsPsAI/getUpdates "HTTP/1.1 200 OK"
2026-02-16 03:19:27,430 - httpx - INFO - HTTP Request: POST https://api.telegram.org/bot8308955773:AAHRa238qrLCJPcbBvgrSJk3EPqbiGsPsAI/editMessageText "HTTP/1.1 400 Bad Request"
2026-02-16 03:19:27,638 - httpx - INFO - HTTP Request: POST https://api.telegram.org/bot8308955773:AAHRa238qrLCJPcbBvgrSJk3EPqbiGsPsAI/editMessageCaption "HTTP/1.1 200 OK"
2026-02-16 03:19:29,993 - httpx - INFO - HTTP Request: POST https://api.telegram.org/bot8308955773:AAHRa238qrLCJPcbBvgrSJk3EPqbiGsPsAI/getUpdates "HTTP/1.1 200 OK"
2026-02-16 03:19:30,183 - httpx - INFO - HTTP Request: POST https://api.telegram.org/bot8308955773:AAHRa238qrLCJPcbBvgrSJk3EPqbiGsPsAI/answerCallbackQuery "HTTP/1.1 200 OK"
2026-02-16 03:19:30,613 - httpx - INFO - HTTP Request: POST https://api.telegram.org/bot8308955773:AAHRa238qrLCJPcbBvgrSJk3EPqbiGsPsAI/editMessageCaption "HTTP/1.1 200 OK"
2026-02-16 03:19:32,991 - httpx - INFO - HTTP Request: POST https://api.telegram.org/bot8308955773:AAHRa238qrLCJPcbBvgrSJk3EPqbiGsPsAI/getUpdates "HTTP/1.1 200 OK"
2026-02-16 03:19:33,418 - httpx - INFO - HTTP Request: POST https://api.telegram.org/bot8308955773:AAHRa238qrLCJPcbBvgrSJk3EPqbiGsPsAI/sendMessage "HTTP/1.1 200 OK"
2026-02-16 03:19:35,630 - httpx - INFO - HTTP Request: POST https://api.telegram.org/bot8308955773:AAHRa238qrLCJPcbBvgrSJk3EPqbiGsPsAI/getUpdates "HTTP/1.1 200 OK"
2026-02-16 03:19:35,854 - httpx - INFO - HTTP Request: POST https://api.telegram.org/bot8308955773:AAHRa238qrLCJPcbBvgrSJk3EPqbiGsPsAI/sendPhoto "HTTP/1.1 200 OK"
2026-02-16 03:19:38,041 - httpx - INFO - HTTP Request: POST https://api.telegram.org/bot8308955773:AAHRa238qrLCJPcbBvgrSJk3EPqbiGsPsAI/getUpdates "HTTP/1.1 200 OK"
2026-02-16 03:19:38,066 - httpx - INFO - HTTP Request: POST https://api.telegram.org/bot8308955773:AAHRa238qrLCJPcbBvgrSJk3EPqbiGsPsAI/editMessageText "HTTP/1.1 400 Bad Request"
2026-02-16 03:19:38,268 - httpx - INFO - HTTP Request: POST https://api.telegram.org/bot8308955773:AAHRa238qrLCJPcbBvgrSJk3EPqbiGsPsAI/editMessageCaption "HTTP/1.1 200 OK"
2026-02-16 03:19:40,618 - httpx - INFO - HTTP Request: POST https://api.telegram.org/bot8308955773:AAHRa238qrLCJPcbBvgrSJk3EPqbiGsPsAI/getUpdates "HTTP/1.1 200 OK"
2026-02-16 03:19:40,807 - httpx - INFO - HTTP Request: POST https://api.telegram.org/bot8308955773:AAHRa238qrLCJPcbBvgrSJk3EPqbiGsPsAI/answerCallbackQuery "HTTP/1.1 200 OK"
2026-02-16 03:19:41,238 - httpx - INFO - HTTP Request: POST https://api.telegram.org/bot8308955773:AAHRa238qrLCJPcbBvgrSJk3EPqbiGsPsAI/editMessageCaption "HTTP/1.1 200 OK"
2026-02-16 03:19:43,603 - httpx - INFO - HTTP Request: POST https://api.telegram.org/bot8308955773:AAHRa238qrLCJPcbBvgrSJk3EPqbiGsPsAI/getUpdates "HTTP/1.1 200 OK"
2026-02-16 03:19:43,827 - httpx - INFO - HTTP Request: POST https://api.telegram.org/bot8308955773:AAHRa238qrLCJPcbBvgrSJk3EPqbiGsPsAI/sendPhoto "HTTP/1.1 200 OK"
2026-02-16 03:19:46,020 - httpx - INFO - HTTP Request: POST https://api.telegram.org/bot8308955773:AAHRa238qrLCJPcbBvgrSJk3EPqbiGsPsAI/getUpdates "HTTP/1.1 200 OK"
2026-02-16 03:19:46,041 - httpx - INFO - HTTP Request: POST https://api.telegram.org/bot8308955773:AAHRa238qrLCJPcbBvgrSJk3EPqbiGsPsAI/editMessageText "HTTP/1.1 400 Bad Request"
2026-02-16 03:19:46,246 - httpx - INFO - HTTP Request: POST https://api.telegram.org/bot8308955773:AAHRa238qrLCJPcbBvgrSJk3EPqbiGsPsAI/editMessageCaption "HTTP/1.1 200 OK"
2026-02-16 03:19:48,608 - httpx - INFO - HTTP Request: POST https://api.telegram.org/bot8308955773:AAHRa238qrLCJPcbBvgrSJk3EPqbiGsPsAI/getUpdates "HTTP/1.1 200 OK"
2026-02-16 03:19:48,802 - httpx - INFO - HTTP Request: POST https://api.telegram.org/bot8308955773:AAHRa238qrLCJPcbBvgrSJk3EPqbiGsPsAI/answerCallbackQuery "HTTP/1.1 200 OK"
2026-02-16 03:19:49,250 - httpx - INFO - HTTP Request: POST https://api.telegram.org/bot8308955773:AAHRa238qrLCJPcbBvgrSJk3EPqbiGsPsAI/editMessageCaption "HTTP/1.1 200 OK"
2026-02-16 03:19:51,617 - httpx - INFO - HTTP Request: POST https://api.telegram.org/bot8308955773:AAHRa238qrLCJPcbBvgrSJk3EPqbiGsPsAI/getUpdates "HTTP/1.1 200 OK"
2026-02-16 03:19:52,048 - httpx - INFO - HTTP Request: POST https://api.telegram.org/bot8308955773:AAHRa238qrLCJPcbBvgrSJk3EPqbiGsPsAI/sendMessage "HTTP/1.1 200 OK"
2026-02-16 03:19:54,247 - httpx - INFO - HTTP Request: POST https://api.telegram.org/bot8308955773:AAHRa238qrLCJPcbBvgrSJk3EPqbiGsPsAI/getUpdates "HTTP/1.1 200 OK"
2026-02-16 03:19:54,485 - httpx - INFO - HTTP Request: POST https://api.telegram.org/bot8308955773:AAHRa238qrLCJPcbBvgrSJk3EPqbiGsPsAI/sendPhoto "HTTP/1.1 200 OK"
2026-02-16 03:19:56,678 - httpx - INFO - HTTP Request: POST https://api.telegram.org/bot8308955773:AAHRa238qrLCJPcbBvgrSJk3EPqbiGsPsAI/getUpdates "HTTP/1.1 200 OK"
2026-02-16 03:19:56,700 - httpx - INFO - HTTP Request: POST https://api.telegram.org/bot8308955773:AAHRa238qrLCJPcbBvgrSJk3EPqbiGsPsAI/editMessageText "HTTP/1.1 400 Bad Request"
2026-02-16 03:19:56,905 - httpx - INFO - HTTP Request: POST https://api.telegram.org/bot8308955773:AAHRa238qrLCJPcbBvgrSJk3EPqbiGsPsAI/editMessageCaption "HTTP/1.1 200 OK"
2026-02-16 03:19:58,625 - httpx - INFO - HTTP Request: POST https://api.telegram.org/bot8308955773:AAHRa238qrLCJPcbBvgrSJk3EPqbiGsPsAI/getUpdates "HTTP/1.1 200 OK"
2026-02-16 03:19:59,283 - httpx - INFO - HTTP Request: POST https://api.telegram.org/bot8308955773:AAHRa238qrLCJPcbBvgrSJk3EPqbiGsPsAI/getUpdates "HTTP/1.1 200 OK"
2026-02-16 03:19:59,618 - httpx - INFO - HTTP Request: POST https://api.telegram.org/bot8308955773:AAHRa238qrLCJPcbBvgrSJk3EPqbiGsPsAI/answerCallbackQuery "HTTP/1.1 200 OK"
2026-02-16 03:20:00,040 - httpx - INFO - HTTP Request: POST https://api.telegram.org/bot8308955773:AAHRa238qrLCJPcbBvgrSJk3EPqbiGsPsAI/editMessageCaption "HTTP/1.1 200 OK"
2026-02-16 03:20:02,626 - httpx - INFO - HTTP Request: POST https://api.telegram.org/bot8308955773:AAHRa238qrLCJPcbBvgrSJk3EPqbiGsPsAI/getUpdates "HTTP/1.1 200 OK"
2026-02-16 03:20:03,119 - httpx - INFO - HTTP Request: POST https://api.telegram.org/bot8308955773:AAHRa238qrLCJPcbBvgrSJk3EPqbiGsPsAI/sendPhoto "HTTP/1.1 200 OK"
2026-02-16 03:20:05,320 - httpx - INFO - HTTP Request: POST https://api.telegram.org/bot8308955773:AAHRa238qrLCJPcbBvgrSJk3EPqbiGsPsAI/getUpdates "HTTP/1.1 200 OK"
2026-02-16 03:20:05,529 - httpx - INFO - HTTP Request: POST https://api.telegram.org/bot8308955773:AAHRa238qrLCJPcbBvgrSJk3EPqbiGsPsAI/sendPhoto "HTTP/1.1 200 OK"
2026-02-16 03:20:07,718 - httpx - INFO - HTTP Request: POST https://api.telegram.org/bot8308955773:AAHRa238qrLCJPcbBvgrSJk3EPqbiGsPsAI/getUpdates "HTTP/1.1 200 OK"
2026-02-16 03:20:07,739 - httpx - INFO - HTTP Request: POST https://api.telegram.org/bot8308955773:AAHRa238qrLCJPcbBvgrSJk3EPqbiGsPsAI/editMessageText "HTTP/1.1 400 Bad Request"
2026-02-16 03:20:07,971 - httpx - INFO - HTTP Request: POST https://api.telegram.org/bot8308955773:AAHRa238qrLCJPcbBvgrSJk3EPqbiGsPsAI/editMessageCaption "HTTP/1.1 200 OK"
2026-02-16 03:20:10,324 - httpx - INFO - HTTP Request: POST https://api.telegram.org/bot8308955773:AAHRa238qrLCJPcbBvgrSJk3EPqbiGsPsAI/getUpdates "HTTP/1.1 200 OK"
2026-02-16 03:20:10,512 - httpx - INFO - HTTP Request: POST https://api.telegram.org/bot8308955773:AAHRa238qrLCJPcbBvgrSJk3EPqbiGsPsAI/answerCallbackQuery "HTTP/1.1 200 OK"
2026-02-16 03:20:10,937 - httpx - INFO - HTTP Request: POST https://api.telegram.org/bot8308955773:AAHRa238qrLCJPcbBvgrSJk3EPqbiGsPsAI/editMessageCaption "HTTP/1.1 200 OK"
2026-02-16 03:20:13,329 - httpx - INFO - HTTP Request: POST https://api.telegram.org/bot8308955773:AAHRa238qrLCJPcbBvgrSJk3EPqbiGsPsAI/getUpdates "HTTP/1.1 200 OK"
2026-02-16 03:20:13,544 - httpx - INFO - HTTP Request: POST https://api.telegram.org/bot8308955773:AAHRa238qrLCJPcbBvgrSJk3EPqbiGsPsAI/sendPhoto "HTTP/1.1 200 OK"
2026-02-16 03:20:15,762 - httpx - INFO - HTTP Request: POST https://api.telegram.org/bot8308955773:AAHRa238qrLCJPcbBvgrSJk3EPqbiGsPsAI/getUpdates "HTTP/1.1 200 OK"
2026-02-16 03:20:15,814 - httpx - INFO - HTTP Request: POST https://api.telegram.org/bot8308955773:AAHRa238qrLCJPcbBvgrSJk3EPqbiGsPsAI/editMessageText "HTTP/1.1 400 Bad Request"
2026-02-16 03:20:16,013 - httpx - INFO - HTTP Request: POST https://api.telegram.org/bot8308955773:AAHRa238qrLCJPcbBvgrSJk3EPqbiGsPsAI/editMessageCaption "HTTP/1.1 200 OK"
2026-02-16 03:20:18,368 - httpx - INFO - HTTP Request: POST https://api.telegram.org/bot8308955773:AAHRa238qrLCJPcbBvgrSJk3EPqbiGsPsAI/getUpdates "HTTP/1.1 200 OK"
2026-02-16 03:20:18,555 - httpx - INFO - HTTP Request: POST https://api.telegram.org/bot8308955773:AAHRa238qrLCJPcbBvgrSJk3EPqbiGsPsAI/answerCallbackQuery "HTTP/1.1 200 OK"
2026-02-16 03:20:18,973 - httpx - INFO - HTTP Request: POST https://api.telegram.org/bot8308955773:AAHRa238qrLCJPcbBvgrSJk3EPqbiGsPsAI/editMessageCaption "HTTP/1.1 200 OK"
2026-02-16 03:20:21,368 - httpx - INFO - HTTP Request: POST https://api.telegram.org/bot8308955773:AAHRa238qrLCJPcbBvgrSJk3EPqbiGsPsAI/getUpdates "HTTP/1.1 200 OK"
2026-02-16 03:20:21,578 - httpx - INFO - HTTP Request: POST https://api.telegram.org/bot8308955773:AAHRa238qrLCJPcbBvgrSJk3EPqbiGsPsAI/sendPhoto "HTTP/1.1 200 OK"
2026-02-16 03:20:23,639 - httpx - INFO - HTTP Request: POST https://api.telegram.org/bot8308955773:AAHRa238qrLCJPcbBvgrSJk3EPqbiGsPsAI/getUpdates "HTTP/1.1 200 OK"
2026-02-16 03:20:23,657 - httpx - INFO - HTTP Request: POST https://api.telegram.org/bot8308955773:AAHRa238qrLCJPcbBvgrSJk3EPqbiGsPsAI/editMessageText "HTTP/1.1 400 Bad Request"
2026-02-16 03:20:23,857 - httpx - INFO - HTTP Request: POST https://api.telegram.org/bot8308955773:AAHRa238qrLCJPcbBvgrSJk3EPqbiGsPsAI/editMessageCaption "HTTP/1.1 200 OK"
2026-02-16 03:20:25,287 - httpx - INFO - HTTP Request: POST https://api.telegram.org/bot8308955773:AAHRa238qrLCJPcbBvgrSJk3EPqbiGsPsAI/getUpdates "HTTP/1.1 200 OK"
2026-02-16 03:20:25,474 - httpx - INFO - HTTP Request: POST https://api.telegram.org/bot8308955773:AAHRa238qrLCJPcbBvgrSJk3EPqbiGsPsAI/answerCallbackQuery "HTTP/1.1 200 OK"
2026-02-16 03:20:26,568 - httpx - INFO - HTTP Request: POST https://api.telegram.org/bot8308955773:AAHRa238qrLCJPcbBvgrSJk3EPqbiGsPsAI/getUpdates "HTTP/1.1 200 OK"
2026-02-16 03:20:26,760 - httpx - INFO - HTTP Request: POST https://api.telegram.org/bot8308955773:AAHRa238qrLCJPcbBvgrSJk3EPqbiGsPsAI/answerCallbackQuery "HTTP/1.1 200 OK"
2026-02-16 03:20:27,184 - httpx - INFO - HTTP Request: POST https://api.telegram.org/bot8308955773:AAHRa238qrLCJPcbBvgrSJk3EPqbiGsPsAI/editMessageCaption "HTTP/1.1 200 OK"
2026-02-16 03:20:29,379 - httpx - INFO - HTTP Request: POST https://api.telegram.org/bot8308955773:AAHRa238qrLCJPcbBvgrSJk3EPqbiGsPsAI/getUpdates "HTTP/1.1 200 OK"
2026-02-16 03:20:29,803 - httpx - INFO - HTTP Request: POST https://api.telegram.org/bot8308955773:AAHRa238qrLCJPcbBvgrSJk3EPqbiGsPsAI/sendMessage "HTTP/1.1 200 OK"
2026-02-16 03:20:31,005 - httpx - INFO - HTTP Request: POST https://api.telegram.org/bot8308955773:AAHRa238qrLCJPcbBvgrSJk3EPqbiGsPsAI/getUpdates "HTTP/1.1 200 OK"
2026-02-16 03:20:31,212 - httpx - INFO - HTTP Request: POST https://api.telegram.org/bot8308955773:AAHRa238qrLCJPcbBvgrSJk3EPqbiGsPsAI/sendPhoto "HTTP/1.1 200 OK"
2026-02-16 03:20:32,611 - httpx - INFO - HTTP Request: POST https://api.telegram.org/bot8308955773:AAHRa238qrLCJPcbBvgrSJk3EPqbiGsPsAI/getUpdates "HTTP/1.1 200 OK"
2026-02-16 03:20:32,633 - httpx - INFO - HTTP Request: POST https://api.telegram.org/bot8308955773:AAHRa238qrLCJPcbBvgrSJk3EPqbiGsPsAI/editMessageText "HTTP/1.1 400 Bad Request"
2026-02-16 03:20:32,832 - httpx - INFO - HTTP Request: POST https://api.telegram.org/bot8308955773:AAHRa238qrLCJPcbBvgrSJk3EPqbiGsPsAI/editMessageCaption "HTTP/1.1 200 OK"
2026-02-16 03:20:34,046 - httpx - INFO - HTTP Request: POST https://api.telegram.org/bot8308955773:AAHRa238qrLCJPcbBvgrSJk3EPqbiGsPsAI/getUpdates "HTTP/1.1 200 OK"
2026-02-16 03:20:34,286 - httpx - INFO - HTTP Request: POST https://api.telegram.org/bot8308955773:AAHRa238qrLCJPcbBvgrSJk3EPqbiGsPsAI/answerCallbackQuery "HTTP/1.1 200 OK"
2026-02-16 03:20:35,195 - httpx - INFO - HTTP Request: POST https://api.telegram.org/bot8308955773:AAHRa238qrLCJPcbBvgrSJk3EPqbiGsPsAI/getUpdates "HTTP/1.1 200 OK"
2026-02-16 03:20:35,383 - httpx - INFO - HTTP Request: POST https://api.telegram.org/bot8308955773:AAHRa238qrLCJPcbBvgrSJk3EPqbiGsPsAI/answerCallbackQuery "HTTP/1.1 200 OK"
2026-02-16 03:20:35,809 - httpx - INFO - HTTP Request: POST https://api.telegram.org/bot8308955773:AAHRa238qrLCJPcbBvgrSJk3EPqbiGsPsAI/editMessageCaption "HTTP/1.1 200 OK"
2026-02-16 03:20:36,906 - httpx - INFO - HTTP Request: POST https://api.telegram.org/bot8308955773:AAHRa238qrLCJPcbBvgrSJk3EPqbiGsPsAI/getUpdates "HTTP/1.1 200 OK"
2026-02-16 03:20:37,125 - httpx - INFO - HTTP Request: POST https://api.telegram.org/bot8308955773:AAHRa238qrLCJPcbBvgrSJk3EPqbiGsPsAI/sendPhoto "HTTP/1.1 200 OK"
2026-02-16 03:20:38,380 - httpx - INFO - HTTP Request: POST https://api.telegram.org/bot8308955773:AAHRa238qrLCJPcbBvgrSJk3EPqbiGsPsAI/getUpdates "HTTP/1.1 200 OK"
2026-02-16 03:20:38,398 - httpx - INFO - HTTP Request: POST https://api.telegram.org/bot8308955773:AAHRa238qrLCJPcbBvgrSJk3EPqbiGsPsAI/editMessageText "HTTP/1.1 400 Bad Request"
2026-02-16 03:20:38,602 - httpx - INFO - HTTP Request: POST https://api.telegram.org/bot8308955773:AAHRa238qrLCJPcbBvgrSJk3EPqbiGsPsAI/editMessageCaption "HTTP/1.1 200 OK"
2026-02-16 03:20:39,678 - httpx - INFO - HTTP Request: POST https://api.telegram.org/bot8308955773:AAHRa238qrLCJPcbBvgrSJk3EPqbiGsPsAI/getUpdates "HTTP/1.1 200 OK"
2026-02-16 03:20:39,867 - httpx - INFO - HTTP Request: POST https://api.telegram.org/bot8308955773:AAHRa238qrLCJPcbBvgrSJk3EPqbiGsPsAI/answerCallbackQuery "HTTP/1.1 200 OK"
2026-02-16 03:20:42,738 - httpx - INFO - HTTP Request: POST https://api.telegram.org/bot8308955773:AAHRa238qrLCJPcbBvgrSJk3EPqbiGsPsAI/getUpdates "HTTP/1.1 200 OK"
2026-02-16 03:20:42,927 - httpx - INFO - HTTP Request: POST https://api.telegram.org/bot8308955773:AAHRa238qrLCJPcbBvgrSJk3EPqbiGsPsAI/answerCallbackQuery "HTTP/1.1 200 OK"
2026-02-16 03:20:43,388 - httpx - INFO - HTTP Request: POST https://api.telegram.org/bot8308955773:AAHRa238qrLCJPcbBvgrSJk3EPqbiGsPsAI/editMessageCaption "HTTP/1.1 200 OK"
2026-02-16 03:20:44,564 - httpx - INFO - HTTP Request: POST https://api.telegram.org/bot8308955773:AAHRa238qrLCJPcbBvgrSJk3EPqbiGsPsAI/getUpdates "HTTP/1.1 200 OK"
2026-02-16 03:20:44,779 - httpx - INFO - HTTP Request: POST https://api.telegram.org/bot8308955773:AAHRa238qrLCJPcbBvgrSJk3EPqbiGsPsAI/sendPhoto "HTTP/1.1 200 OK"
2026-02-16 03:20:51,899 - httpx - INFO - HTTP Request: POST https://api.telegram.org/bot8308955773:AAHRa238qrLCJPcbBvgrSJk3EPqbiGsPsAI/getUpdates "HTTP/1.1 200 OK"
2026-02-16 03:20:52,049 - httpx - INFO - HTTP Request: POST https://api.telegram.org/bot8308955773:AAHRa238qrLCJPcbBvgrSJk3EPqbiGsPsAI/editMessageText "HTTP/1.1 400 Bad Request"
2026-02-16 03:20:52,279 - httpx - INFO - HTTP Request: POST https://api.telegram.org/bot8308955773:AAHRa238qrLCJPcbBvgrSJk3EPqbiGsPsAI/editMessageCaption "HTTP/1.1 200 OK"
2026-02-16 03:20:53,201 - httpx - INFO - HTTP Request: POST https://api.telegram.org/bot8308955773:AAHRa238qrLCJPcbBvgrSJk3EPqbiGsPsAI/getUpdates "HTTP/1.1 200 OK"
2026-02-16 03:20:53,501 - httpx - INFO - HTTP Request: POST https://api.telegram.org/bot8308955773:AAHRa238qrLCJPcbBvgrSJk3EPqbiGsPsAI/answerCallbackQuery "HTTP/1.1 200 OK"
2026-02-16 03:20:54,762 - httpx - INFO - HTTP Request: POST https://api.telegram.org/bot8308955773:AAHRa238qrLCJPcbBvgrSJk3EPqbiGsPsAI/getUpdates "HTTP/1.1 200 OK"
2026-02-16 03:20:54,983 - httpx - INFO - HTTP Request: POST https://api.telegram.org/bot8308955773:AAHRa238qrLCJPcbBvgrSJk3EPqbiGsPsAI/answerCallbackQuery "HTTP/1.1 200 OK"
2026-02-16 03:20:55,452 - httpx - INFO - HTTP Request: POST https://api.telegram.org/bot8308955773:AAHRa238qrLCJPcbBvgrSJk3EPqbiGsPsAI/editMessageCaption "HTTP/1.1 200 OK"
2026-02-16 03:20:56,589 - httpx - INFO - HTTP Request: POST https://api.telegram.org/bot8308955773:AAHRa238qrLCJPcbBvgrSJk3EPqbiGsPsAI/getUpdates "HTTP/1.1 200 OK"
2026-02-16 03:20:56,810 - httpx - INFO - HTTP Request: POST https://api.telegram.org/bot8308955773:AAHRa238qrLCJPcbBvgrSJk3EPqbiGsPsAI/sendPhoto "HTTP/1.1 200 OK"
2026-02-16 03:20:58,090 - httpx - INFO - HTTP Request: POST https://api.telegram.org/bot8308955773:AAHRa238qrLCJPcbBvgrSJk3EPqbiGsPsAI/getUpdates "HTTP/1.1 200 OK"
2026-02-16 03:20:58,136 - httpx - INFO - HTTP Request: POST https://api.telegram.org/bot8308955773:AAHRa238qrLCJPcbBvgrSJk3EPqbiGsPsAI/editMessageText "HTTP/1.1 400 Bad Request"
2026-02-16 03:20:58,362 - httpx - INFO - HTTP Request: POST https://api.telegram.org/bot8308955773:AAHRa238qrLCJPcbBvgrSJk3EPqbiGsPsAI/editMessageCaption "HTTP/1.1 200 OK"
2026-02-16 03:20:59,468 - httpx - INFO - HTTP Request: POST https://api.telegram.org/bot8308955773:AAHRa238qrLCJPcbBvgrSJk3EPqbiGsPsAI/getUpdates "HTTP/1.1 200 OK"
2026-02-16 03:20:59,661 - httpx - INFO - HTTP Request: POST https://api.telegram.org/bot8308955773:AAHRa238qrLCJPcbBvgrSJk3EPqbiGsPsAI/answerCallbackQuery "HTTP/1.1 200 OK"
2026-02-16 03:21:00,681 - httpx - INFO - HTTP Request: POST https://api.telegram.org/bot8308955773:AAHRa238qrLCJPcbBvgrSJk3EPqbiGsPsAI/getUpdates "HTTP/1.1 200 OK"
2026-02-16 03:21:00,877 - httpx - INFO - HTTP Request: POST https://api.telegram.org/bot8308955773:AAHRa238qrLCJPcbBvgrSJk3EPqbiGsPsAI/answerCallbackQuery "HTTP/1.1 200 OK"
2026-02-16 03:21:01,316 - httpx - INFO - HTTP Request: POST https://api.telegram.org/bot8308955773:AAHRa238qrLCJPcbBvgrSJk3EPqbiGsPsAI/editMessageCaption "HTTP/1.1 200 OK"
2026-02-16 03:21:02,996 - httpx - INFO - HTTP Request: POST https://api.telegram.org/bot8308955773:AAHRa238qrLCJPcbBvgrSJk3EPqbiGsPsAI/getUpdates "HTTP/1.1 200 OK"
2026-02-16 03:21:03,216 - httpx - INFO - HTTP Request: POST https://api.telegram.org/bot8308955773:AAHRa238qrLCJPcbBvgrSJk3EPqbiGsPsAI/sendPhoto "HTTP/1.1 200 OK"
2026-02-16 03:21:04,514 - httpx - INFO - HTTP Request: POST https://api.telegram.org/bot8308955773:AAHRa238qrLCJPcbBvgrSJk3EPqbiGsPsAI/getUpdates "HTTP/1.1 200 OK"
2026-02-16 03:21:04,548 - httpx - INFO - HTTP Request: POST https://api.telegram.org/bot8308955773:AAHRa238qrLCJPcbBvgrSJk3EPqbiGsPsAI/editMessageText "HTTP/1.1 400 Bad Request"
2026-02-16 03:21:04,756 - httpx - INFO - HTTP Request: POST https://api.telegram.org/bot8308955773:AAHRa238qrLCJPcbBvgrSJk3EPqbiGsPsAI/editMessageCaption "HTTP/1.1 200 OK"
2026-02-16 03:21:05,773 - httpx - INFO - HTTP Request: POST https://api.telegram.org/bot8308955773:AAHRa238qrLCJPcbBvgrSJk3EPqbiGsPsAI/getUpdates "HTTP/1.1 200 OK"
2026-02-16 03:21:05,969 - httpx - INFO - HTTP Request: POST https://api.telegram.org/bot8308955773:AAHRa238qrLCJPcbBvgrSJk3EPqbiGsPsAI/answerCallbackQuery "HTTP/1.1 200 OK"
2026-02-16 03:21:06,800 - httpx - INFO - HTTP Request: POST https://api.telegram.org/bot8308955773:AAHRa238qrLCJPcbBvgrSJk3EPqbiGsPsAI/getUpdates "HTTP/1.1 200 OK"
2026-02-16 03:21:06,997 - httpx - INFO - HTTP Request: POST https://api.telegram.org/bot8308955773:AAHRa238qrLCJPcbBvgrSJk3EPqbiGsPsAI/answerCallbackQuery "HTTP/1.1 200 OK"
2026-02-16 03:21:07,652 - httpx - INFO - HTTP Request: POST https://api.telegram.org/bot8308955773:AAHRa238qrLCJPcbBvgrSJk3EPqbiGsPsAI/editMessageCaption "HTTP/1.1 200 OK"
2026-02-16 03:21:08,754 - httpx - INFO - HTTP Request: POST https://api.telegram.org/bot8308955773:AAHRa238qrLCJPcbBvgrSJk3EPqbiGsPsAI/getUpdates "HTTP/1.1 200 OK"
2026-02-16 03:21:08,966 - httpx - INFO - HTTP Request: POST https://api.telegram.org/bot8308955773:AAHRa238qrLCJPcbBvgrSJk3EPqbiGsPsAI/sendPhoto "HTTP/1.1 200 OK"
2026-02-16 03:21:10,403 - httpx - INFO - HTTP Request: POST https://api.telegram.org/bot8308955773:AAHRa238qrLCJPcbBvgrSJk3EPqbiGsPsAI/getUpdates "HTTP/1.1 200 OK"
2026-02-16 03:21:10,422 - httpx - INFO - HTTP Request: POST https://api.telegram.org/bot8308955773:AAHRa238qrLCJPcbBvgrSJk3EPqbiGsPsAI/editMessageText "HTTP/1.1 400 Bad Request"
2026-02-16 03:21:10,632 - httpx - INFO - HTTP Request: POST https://api.telegram.org/bot8308955773:AAHRa238qrLCJPcbBvgrSJk3EPqbiGsPsAI/editMessageCaption "HTTP/1.1 200 OK"
2026-02-16 03:21:11,568 - httpx - INFO - HTTP Request: POST https://api.telegram.org/bot8308955773:AAHRa238qrLCJPcbBvgrSJk3EPqbiGsPsAI/getUpdates "HTTP/1.1 200 OK"
2026-02-16 03:21:11,784 - httpx - INFO - HTTP Request: POST https://api.telegram.org/bot8308955773:AAHRa238qrLCJPcbBvgrSJk3EPqbiGsPsAI/answerCallbackQuery "HTTP/1.1 200 OK"
2026-02-16 03:21:12,706 - httpx - INFO - HTTP Request: POST https://api.telegram.org/bot8308955773:AAHRa238qrLCJPcbBvgrSJk3EPqbiGsPsAI/getUpdates "HTTP/1.1 200 OK"
2026-02-16 03:21:12,914 - httpx - INFO - HTTP Request: POST https://api.telegram.org/bot8308955773:AAHRa238qrLCJPcbBvgrSJk3EPqbiGsPsAI/answerCallbackQuery "HTTP/1.1 200 OK"
2026-02-16 03:21:13,345 - httpx - INFO - HTTP Request: POST https://api.telegram.org/bot8308955773:AAHRa238qrLCJPcbBvgrSJk3EPqbiGsPsAI/editMessageCaption "HTTP/1.1 200 OK"
2026-02-16 03:21:14,195 - httpx - INFO - HTTP Request: POST https://api.telegram.org/bot8308955773:AAHRa238qrLCJPcbBvgrSJk3EPqbiGsPsAI/getUpdates "HTTP/1.1 200 OK"
2026-02-16 03:21:14,417 - httpx - INFO - HTTP Request: POST https://api.telegram.org/bot8308955773:AAHRa238qrLCJPcbBvgrSJk3EPqbiGsPsAI/sendPhoto "HTTP/1.1 200 OK"
2026-02-16 03:21:15,658 - httpx - INFO - HTTP Request: POST https://api.telegram.org/bot8308955773:AAHRa238qrLCJPcbBvgrSJk3EPqbiGsPsAI/getUpdates "HTTP/1.1 200 OK"
2026-02-16 03:21:15,677 - httpx - INFO - HTTP Request: POST https://api.telegram.org/bot8308955773:AAHRa238qrLCJPcbBvgrSJk3EPqbiGsPsAI/editMessageText "HTTP/1.1 400 Bad Request"
2026-02-16 03:21:15,883 - httpx - INFO - HTTP Request: POST https://api.telegram.org/bot8308955773:AAHRa238qrLCJPcbBvgrSJk3EPqbiGsPsAI/editMessageCaption "HTTP/1.1 200 OK"
2026-02-16 03:21:16,831 - httpx - INFO - HTTP Request: POST https://api.telegram.org/bot8308955773:AAHRa238qrLCJPcbBvgrSJk3EPqbiGsPsAI/getUpdates "HTTP/1.1 200 OK"
2026-02-16 03:21:17,022 - httpx - INFO - HTTP Request: POST https://api.telegram.org/bot8308955773:AAHRa238qrLCJPcbBvgrSJk3EPqbiGsPsAI/answerCallbackQuery "HTTP/1.1 200 OK"
2026-02-16 03:21:17,955 - httpx - INFO - HTTP Request: POST https://api.telegram.org/bot8308955773:AAHRa238qrLCJPcbBvgrSJk3EPqbiGsPsAI/getUpdates "HTTP/1.1 200 OK"
2026-02-16 03:21:18,149 - httpx - INFO - HTTP Request: POST https://api.telegram.org/bot8308955773:AAHRa238qrLCJPcbBvgrSJk3EPqbiGsPsAI/answerCallbackQuery "HTTP/1.1 200 OK"
2026-02-16 03:21:18,656 - httpx - INFO - HTTP Request: POST https://api.telegram.org/bot8308955773:AAHRa238qrLCJPcbBvgrSJk3EPqbiGsPsAI/editMessageCaption "HTTP/1.1 200 OK"
2026-02-16 03:21:19,790 - httpx - INFO - HTTP Request: POST https://api.telegram.org/bot8308955773:AAHRa238qrLCJPcbBvgrSJk3EPqbiGsPsAI/getUpdates "HTTP/1.1 200 OK"
2026-02-16 03:21:20,012 - httpx - INFO - HTTP Request: POST https://api.telegram.org/bot8308955773:AAHRa238qrLCJPcbBvgrSJk3EPqbiGsPsAI/sendPhoto "HTTP/1.1 200 OK"
2026-02-16 03:21:21,319 - httpx - INFO - HTTP Request: POST https://api.telegram.org/bot8308955773:AAHRa238qrLCJPcbBvgrSJk3EPqbiGsPsAI/getUpdates "HTTP/1.1 200 OK"
2026-02-16 03:21:21,340 - httpx - INFO - HTTP Request: POST https://api.telegram.org/bot8308955773:AAHRa238qrLCJPcbBvgrSJk3EPqbiGsPsAI/editMessageText "HTTP/1.1 400 Bad Request"
2026-02-16 03:21:21,546 - httpx - INFO - HTTP Request: POST https://api.telegram.org/bot8308955773:AAHRa238qrLCJPcbBvgrSJk3EPqbiGsPsAI/editMessageCaption "HTTP/1.1 200 OK"
2026-02-16 03:21:22,458 - httpx - INFO - HTTP Request: POST https://api.telegram.org/bot8308955773:AAHRa238qrLCJPcbBvgrSJk3EPqbiGsPsAI/getUpdates "HTTP/1.1 200 OK"
2026-02-16 03:21:22,646 - httpx - INFO - HTTP Request: POST https://api.telegram.org/bot8308955773:AAHRa238qrLCJPcbBvgrSJk3EPqbiGsPsAI/answerCallbackQuery "HTTP/1.1 200 OK"
2026-02-16 03:21:23,574 - httpx - INFO - HTTP Request: POST https://api.telegram.org/bot8308955773:AAHRa238qrLCJPcbBvgrSJk3EPqbiGsPsAI/getUpdates "HTTP/1.1 200 OK"
2026-02-16 03:21:23,766 - httpx - INFO - HTTP Request: POST https://api.telegram.org/bot8308955773:AAHRa238qrLCJPcbBvgrSJk3EPqbiGsPsAI/answerCallbackQuery "HTTP/1.1 200 OK"
2026-02-16 03:21:24,184 - httpx - INFO - HTTP Request: POST https://api.telegram.org/bot8308955773:AAHRa238qrLCJPcbBvgrSJk3EPqbiGsPsAI/editMessageCaption "HTTP/1.1 200 OK"
2026-02-16 03:21:25,140 - httpx - INFO - HTTP Request: POST https://api.telegram.org/bot8308955773:AAHRa238qrLCJPcbBvgrSJk3EPqbiGsPsAI/getUpdates "HTTP/1.1 200 OK"
2026-02-16 03:21:25,445 - httpx - INFO - HTTP Request: POST https://api.telegram.org/bot8308955773:AAHRa238qrLCJPcbBvgrSJk3EPqbiGsPsAI/sendPhoto "HTTP/1.1 200 OK"
2026-02-16 03:21:26,610 - httpx - INFO - HTTP Request: POST https://api.telegram.org/bot8308955773:AAHRa238qrLCJPcbBvgrSJk3EPqbiGsPsAI/getUpdates "HTTP/1.1 200 OK"
2026-02-16 03:21:26,633 - httpx - INFO - HTTP Request: POST https://api.telegram.org/bot8308955773:AAHRa238qrLCJPcbBvgrSJk3EPqbiGsPsAI/editMessageText "HTTP/1.1 400 Bad Request"
2026-02-16 03:21:26,899 - httpx - INFO - HTTP Request: POST https://api.telegram.org/bot8308955773:AAHRa238qrLCJPcbBvgrSJk3EPqbiGsPsAI/editMessageCaption "HTTP/1.1 200 OK"
2026-02-16 03:21:27,903 - httpx - INFO - HTTP Request: POST https://api.telegram.org/bot8308955773:AAHRa238qrLCJPcbBvgrSJk3EPqbiGsPsAI/getUpdates "HTTP/1.1 200 OK"
2026-02-16 03:21:28,111 - httpx - INFO - HTTP Request: POST https://api.telegram.org/bot8308955773:AAHRa238qrLCJPcbBvgrSJk3EPqbiGsPsAI/answerCallbackQuery "HTTP/1.1 200 OK"
2026-02-16 03:21:29,272 - httpx - INFO - HTTP Request: POST https://api.telegram.org/bot8308955773:AAHRa238qrLCJPcbBvgrSJk3EPqbiGsPsAI/getUpdates "HTTP/1.1 200 OK"
2026-02-16 03:21:29,463 - httpx - INFO - HTTP Request: POST https://api.telegram.org/bot8308955773:AAHRa238qrLCJPcbBvgrSJk3EPqbiGsPsAI/answerCallbackQuery "HTTP/1.1 200 OK"
2026-02-16 03:21:29,897 - httpx - INFO - HTTP Request: POST https://api.telegram.org/bot8308955773:AAHRa238qrLCJPcbBvgrSJk3EPqbiGsPsAI/editMessageCaption "HTTP/1.1 200 OK"
2026-02-16 03:21:31,599 - httpx - INFO - HTTP Request: POST https://api.telegram.org/bot8308955773:AAHRa238qrLCJPcbBvgrSJk3EPqbiGsPsAI/getUpdates "HTTP/1.1 200 OK"
2026-02-16 03:21:31,814 - httpx - INFO - HTTP Request: POST https://api.telegram.org/bot8308955773:AAHRa238qrLCJPcbBvgrSJk3EPqbiGsPsAI/sendPhoto "HTTP/1.1 200 OK"
2026-02-16 03:21:33,058 - httpx - INFO - HTTP Request: POST https://api.telegram.org/bot8308955773:AAHRa238qrLCJPcbBvgrSJk3EPqbiGsPsAI/getUpdates "HTTP/1.1 200 OK"
2026-02-16 03:21:33,080 - httpx - INFO - HTTP Request: POST https://api.telegram.org/bot8308955773:AAHRa238qrLCJPcbBvgrSJk3EPqbiGsPsAI/editMessageText "HTTP/1.1 400 Bad Request"
2026-02-16 03:21:33,285 - httpx - INFO - HTTP Request: POST https://api.telegram.org/bot8308955773:AAHRa238qrLCJPcbBvgrSJk3EPqbiGsPsAI/editMessageCaption "HTTP/1.1 200 OK"
2026-02-16 03:21:34,442 - httpx - INFO - HTTP Request: POST https://api.telegram.org/bot8308955773:AAHRa238qrLCJPcbBvgrSJk3EPqbiGsPsAI/getUpdates "HTTP/1.1 200 OK"
2026-02-16 03:21:34,634 - httpx - INFO - HTTP Request: POST https://api.telegram.org/bot8308955773:AAHRa238qrLCJPcbBvgrSJk3EPqbiGsPsAI/answerCallbackQuery "HTTP/1.1 200 OK"
2026-02-16 03:21:35,420 - httpx - INFO - HTTP Request: POST https://api.telegram.org/bot8308955773:AAHRa238qrLCJPcbBvgrSJk3EPqbiGsPsAI/getUpdates "HTTP/1.1 200 OK"
2026-02-16 03:21:35,608 - httpx - INFO - HTTP Request: POST https://api.telegram.org/bot8308955773:AAHRa238qrLCJPcbBvgrSJk3EPqbiGsPsAI/answerCallbackQuery "HTTP/1.1 200 OK"
2026-02-16 03:21:36,031 - httpx - INFO - HTTP Request: POST https://api.telegram.org/bot8308955773:AAHRa238qrLCJPcbBvgrSJk3EPqbiGsPsAI/editMessageCaption "HTTP/1.1 200 OK"
2026-02-16 03:21:42,408 - httpx - INFO - HTTP Request: POST https://api.telegram.org/bot8308955773:AAHRa238qrLCJPcbBvgrSJk3EPqbiGsPsAI/getUpdates "HTTP/1.1 200 OK"
2026-02-16 03:21:42,895 - httpx - INFO - HTTP Request: POST https://api.telegram.org/bot8308955773:AAHRa238qrLCJPcbBvgrSJk3EPqbiGsPsAI/sendMessage "HTTP/1.1 200 OK"
2026-02-16 03:21:44,277 - httpx - INFO - HTTP Request: POST https://api.telegram.org/bot8308955773:AAHRa238qrLCJPcbBvgrSJk3EPqbiGsPsAI/getUpdates "HTTP/1.1 200 OK"
2026-02-16 03:21:44,505 - httpx - INFO - HTTP Request: POST https://api.telegram.org/bot8308955773:AAHRa238qrLCJPcbBvgrSJk3EPqbiGsPsAI/sendPhoto "HTTP/1.1 200 OK"
2026-02-16 03:21:48,017 - httpx - INFO - HTTP Request: POST https://api.telegram.org/bot8308955773:AAHRa238qrLCJPcbBvgrSJk3EPqbiGsPsAI/getUpdates "HTTP/1.1 200 OK"
2026-02-16 03:21:48,234 - httpx - INFO - HTTP Request: POST https://api.telegram.org/bot8308955773:AAHRa238qrLCJPcbBvgrSJk3EPqbiGsPsAI/sendPhoto "HTTP/1.1 200 OK"
2026-02-16 03:21:51,444 - httpx - INFO - HTTP Request: POST https://api.telegram.org/bot8308955773:AAHRa238qrLCJPcbBvgrSJk3EPqbiGsPsAI/getUpdates "HTTP/1.1 200 OK"
2026-02-16 03:21:51,467 - httpx - INFO - HTTP Request: POST https://api.telegram.org/bot8308955773:AAHRa238qrLCJPcbBvgrSJk3EPqbiGsPsAI/editMessageText "HTTP/1.1 400 Bad Request"
2026-02-16 03:21:51,668 - httpx - INFO - HTTP Request: POST https://api.telegram.org/bot8308955773:AAHRa238qrLCJPcbBvgrSJk3EPqbiGsPsAI/editMessageCaption "HTTP/1.1 200 OK"
2026-02-16 03:21:52,703 - httpx - INFO - HTTP Request: POST https://api.telegram.org/bot8308955773:AAHRa238qrLCJPcbBvgrSJk3EPqbiGsPsAI/getUpdates "HTTP/1.1 200 OK"
2026-02-16 03:21:52,892 - httpx - INFO - HTTP Request: POST https://api.telegram.org/bot8308955773:AAHRa238qrLCJPcbBvgrSJk3EPqbiGsPsAI/answerCallbackQuery "HTTP/1.1 200 OK"
2026-02-16 03:21:54,924 - httpx - INFO - HTTP Request: POST https://api.telegram.org/bot8308955773:AAHRa238qrLCJPcbBvgrSJk3EPqbiGsPsAI/getUpdates "HTTP/1.1 200 OK"
2026-02-16 03:21:55,118 - httpx - INFO - HTTP Request: POST https://api.telegram.org/bot8308955773:AAHRa238qrLCJPcbBvgrSJk3EPqbiGsPsAI/answerCallbackQuery "HTTP/1.1 200 OK"
2026-02-16 03:21:55,557 - httpx - INFO - HTTP Request: POST https://api.telegram.org/bot8308955773:AAHRa238qrLCJPcbBvgrSJk3EPqbiGsPsAI/editMessageCaption "HTTP/1.1 200 OK"
2026-02-16 03:21:56,747 - httpx - INFO - HTTP Request: POST https://api.telegram.org/bot8308955773:AAHRa238qrLCJPcbBvgrSJk3EPqbiGsPsAI/getUpdates "HTTP/1.1 200 OK"
2026-02-16 03:21:56,960 - httpx - INFO - HTTP Request: POST https://api.telegram.org/bot8308955773:AAHRa238qrLCJPcbBvgrSJk3EPqbiGsPsAI/sendPhoto "HTTP/1.1 200 OK"
2026-02-16 03:22:00,231 - httpx - INFO - HTTP Request: POST https://api.telegram.org/bot8308955773:AAHRa238qrLCJPcbBvgrSJk3EPqbiGsPsAI/getUpdates "HTTP/1.1 200 OK"
2026-02-16 03:22:00,258 - httpx - INFO - HTTP Request: POST https://api.telegram.org/bot8308955773:AAHRa238qrLCJPcbBvgrSJk3EPqbiGsPsAI/editMessageText "HTTP/1.1 400 Bad Request"
2026-02-16 03:22:00,472 - httpx - INFO - HTTP Request: POST https://api.telegram.org/bot8308955773:AAHRa238qrLCJPcbBvgrSJk3EPqbiGsPsAI/editMessageCaption "HTTP/1.1 200 OK"
2026-02-16 03:22:01,421 - httpx - INFO - HTTP Request: POST https://api.telegram.org/bot8308955773:AAHRa238qrLCJPcbBvgrSJk3EPqbiGsPsAI/getUpdates "HTTP/1.1 200 OK"
2026-02-16 03:22:01,626 - httpx - INFO - HTTP Request: POST https://api.telegram.org/bot8308955773:AAHRa238qrLCJPcbBvgrSJk3EPqbiGsPsAI/answerCallbackQuery "HTTP/1.1 200 OK"
2026-02-16 03:22:02,664 - httpx - INFO - HTTP Request: POST https://api.telegram.org/bot8308955773:AAHRa238qrLCJPcbBvgrSJk3EPqbiGsPsAI/getUpdates "HTTP/1.1 200 OK"
2026-02-16 03:22:02,857 - httpx - INFO - HTTP Request: POST https://api.telegram.org/bot8308955773:AAHRa238qrLCJPcbBvgrSJk3EPqbiGsPsAI/answerCallbackQuery "HTTP/1.1 200 OK"
2026-02-16 03:22:03,293 - httpx - INFO - HTTP Request: POST https://api.telegram.org/bot8308955773:AAHRa238qrLCJPcbBvgrSJk3EPqbiGsPsAI/editMessageCaption "HTTP/1.1 200 OK"
2026-02-16 03:22:04,310 - httpx - INFO - HTTP Request: POST https://api.telegram.org/bot8308955773:AAHRa238qrLCJPcbBvgrSJk3EPqbiGsPsAI/getUpdates "HTTP/1.1 200 OK"
2026-02-16 03:22:04,533 - httpx - INFO - HTTP Request: POST https://api.telegram.org/bot8308955773:AAHRa238qrLCJPcbBvgrSJk3EPqbiGsPsAI/sendPhoto "HTTP/1.1 200 OK"
2026-02-16 03:22:05,965 - httpx - INFO - HTTP Request: POST https://api.telegram.org/bot8308955773:AAHRa238qrLCJPcbBvgrSJk3EPqbiGsPsAI/getUpdates "HTTP/1.1 200 OK"
2026-02-16 03:22:05,989 - httpx - INFO - HTTP Request: POST https://api.telegram.org/bot8308955773:AAHRa238qrLCJPcbBvgrSJk3EPqbiGsPsAI/editMessageText "HTTP/1.1 400 Bad Request"
2026-02-16 03:22:06,224 - httpx - INFO - HTTP Request: POST https://api.telegram.org/bot8308955773:AAHRa238qrLCJPcbBvgrSJk3EPqbiGsPsAI/editMessageCaption "HTTP/1.1 200 OK"
2026-02-16 03:22:07,281 - httpx - INFO - HTTP Request: POST https://api.telegram.org/bot8308955773:AAHRa238qrLCJPcbBvgrSJk3EPqbiGsPsAI/getUpdates "HTTP/1.1 200 OK"
2026-02-16 03:22:07,477 - httpx - INFO - HTTP Request: POST https://api.telegram.org/bot8308955773:AAHRa238qrLCJPcbBvgrSJk3EPqbiGsPsAI/answerCallbackQuery "HTTP/1.1 200 OK"
2026-02-16 03:22:08,382 - httpx - INFO - HTTP Request: POST https://api.telegram.org/bot8308955773:AAHRa238qrLCJPcbBvgrSJk3EPqbiGsPsAI/getUpdates "HTTP/1.1 200 OK"
2026-02-16 03:22:08,596 - httpx - INFO - HTTP Request: POST https://api.telegram.org/bot8308955773:AAHRa238qrLCJPcbBvgrSJk3EPqbiGsPsAI/answerCallbackQuery "HTTP/1.1 200 OK"
2026-02-16 03:22:09,023 - httpx - INFO - HTTP Request: POST https://api.telegram.org/bot8308955773:AAHRa238qrLCJPcbBvgrSJk3EPqbiGsPsAI/editMessageCaption "HTTP/1.1 200 OK"
2026-02-16 03:22:10,118 - httpx - INFO - HTTP Request: POST https://api.telegram.org/bot8308955773:AAHRa238qrLCJPcbBvgrSJk3EPqbiGsPsAI/getUpdates "HTTP/1.1 200 OK"
2026-02-16 03:22:10,552 - httpx - INFO - HTTP Request: POST https://api.telegram.org/bot8308955773:AAHRa238qrLCJPcbBvgrSJk3EPqbiGsPsAI/sendMessage "HTTP/1.1 200 OK"
2026-02-16 03:22:12,032 - httpx - INFO - HTTP Request: POST https://api.telegram.org/bot8308955773:AAHRa238qrLCJPcbBvgrSJk3EPqbiGsPsAI/getUpdates "HTTP/1.1 200 OK"
2026-02-16 03:22:12,394 - httpx - INFO - HTTP Request: POST https://api.telegram.org/bot8308955773:AAHRa238qrLCJPcbBvgrSJk3EPqbiGsPsAI/sendPhoto "HTTP/1.1 200 OK"
2026-02-16 03:22:13,606 - httpx - INFO - HTTP Request: POST https://api.telegram.org/bot8308955773:AAHRa238qrLCJPcbBvgrSJk3EPqbiGsPsAI/getUpdates "HTTP/1.1 200 OK"
2026-02-16 03:22:13,630 - httpx - INFO - HTTP Request: POST https://api.telegram.org/bot8308955773:AAHRa238qrLCJPcbBvgrSJk3EPqbiGsPsAI/editMessageText "HTTP/1.1 400 Bad Request"
2026-02-16 03:22:13,847 - httpx - INFO - HTTP Request: POST https://api.telegram.org/bot8308955773:AAHRa238qrLCJPcbBvgrSJk3EPqbiGsPsAI/editMessageCaption "HTTP/1.1 200 OK"
2026-02-16 03:22:15,082 - httpx - INFO - HTTP Request: POST https://api.telegram.org/bot8308955773:AAHRa238qrLCJPcbBvgrSJk3EPqbiGsPsAI/getUpdates "HTTP/1.1 200 OK"
2026-02-16 03:22:15,272 - httpx - INFO - HTTP Request: POST https://api.telegram.org/bot8308955773:AAHRa238qrLCJPcbBvgrSJk3EPqbiGsPsAI/answerCallbackQuery "HTTP/1.1 200 OK"
2026-02-16 03:22:16,377 - httpx - INFO - HTTP Request: POST https://api.telegram.org/bot8308955773:AAHRa238qrLCJPcbBvgrSJk3EPqbiGsPsAI/getUpdates "HTTP/1.1 200 OK"
2026-02-16 03:22:16,566 - httpx - INFO - HTTP Request: POST https://api.telegram.org/bot8308955773:AAHRa238qrLCJPcbBvgrSJk3EPqbiGsPsAI/answerCallbackQuery "HTTP/1.1 200 OK"
2026-02-16 03:22:16,991 - httpx - INFO - HTTP Request: POST https://api.telegram.org/bot8308955773:AAHRa238qrLCJPcbBvgrSJk3EPqbiGsPsAI/editMessageCaption "HTTP/1.1 200 OK"
2026-02-16 03:22:18,303 - httpx - INFO - HTTP Request: POST https://api.telegram.org/bot8308955773:AAHRa238qrLCJPcbBvgrSJk3EPqbiGsPsAI/getUpdates "HTTP/1.1 200 OK"
2026-02-16 03:22:18,512 - httpx - INFO - HTTP Request: POST https://api.telegram.org/bot8308955773:AAHRa238qrLCJPcbBvgrSJk3EPqbiGsPsAI/sendPhoto "HTTP/1.1 200 OK"
2026-02-16 03:22:19,907 - httpx - INFO - HTTP Request: POST https://api.telegram.org/bot8308955773:AAHRa238qrLCJPcbBvgrSJk3EPqbiGsPsAI/getUpdates "HTTP/1.1 200 OK"
2026-02-16 03:22:19,931 - httpx - INFO - HTTP Request: POST https://api.telegram.org/bot8308955773:AAHRa238qrLCJPcbBvgrSJk3EPqbiGsPsAI/editMessageText "HTTP/1.1 400 Bad Request"
2026-02-16 03:22:20,162 - httpx - INFO - HTTP Request: POST https://api.telegram.org/bot8308955773:AAHRa238qrLCJPcbBvgrSJk3EPqbiGsPsAI/editMessageCaption "HTTP/1.1 200 OK"
2026-02-16 03:22:21,207 - httpx - INFO - HTTP Request: POST https://api.telegram.org/bot8308955773:AAHRa238qrLCJPcbBvgrSJk3EPqbiGsPsAI/getUpdates "HTTP/1.1 200 OK"
2026-02-16 03:22:21,412 - httpx - INFO - HTTP Request: POST https://api.telegram.org/bot8308955773:AAHRa238qrLCJPcbBvgrSJk3EPqbiGsPsAI/answerCallbackQuery "HTTP/1.1 200 OK"
2026-02-16 03:22:22,667 - httpx - INFO - HTTP Request: POST https://api.telegram.org/bot8308955773:AAHRa238qrLCJPcbBvgrSJk3EPqbiGsPsAI/getUpdates "HTTP/1.1 200 OK"
2026-02-16 03:22:22,904 - httpx - INFO - HTTP Request: POST https://api.telegram.org/bot8308955773:AAHRa238qrLCJPcbBvgrSJk3EPqbiGsPsAI/answerCallbackQuery "HTTP/1.1 200 OK"
2026-02-16 03:22:23,329 - httpx - INFO - HTTP Request: POST https://api.telegram.org/bot8308955773:AAHRa238qrLCJPcbBvgrSJk3EPqbiGsPsAI/editMessageCaption "HTTP/1.1 200 OK"
2026-02-16 03:22:24,319 - httpx - INFO - HTTP Request: POST https://api.telegram.org/bot8308955773:AAHRa238qrLCJPcbBvgrSJk3EPqbiGsPsAI/getUpdates "HTTP/1.1 200 OK"
2026-02-16 03:22:24,533 - httpx - INFO - HTTP Request: POST https://api.telegram.org/bot8308955773:AAHRa238qrLCJPcbBvgrSJk3EPqbiGsPsAI/sendPhoto "HTTP/1.1 200 OK"
2026-02-16 03:22:25,905 - httpx - INFO - HTTP Request: POST https://api.telegram.org/bot8308955773:AAHRa238qrLCJPcbBvgrSJk3EPqbiGsPsAI/getUpdates "HTTP/1.1 200 OK"
2026-02-16 03:22:25,929 - httpx - INFO - HTTP Request: POST https://api.telegram.org/bot8308955773:AAHRa238qrLCJPcbBvgrSJk3EPqbiGsPsAI/editMessageText "HTTP/1.1 400 Bad Request"
2026-02-16 03:22:26,141 - httpx - INFO - HTTP Request: POST https://api.telegram.org/bot8308955773:AAHRa238qrLCJPcbBvgrSJk3EPqbiGsPsAI/editMessageCaption "HTTP/1.1 200 OK"
2026-02-16 03:22:27,052 - httpx - INFO - HTTP Request: POST https://api.telegram.org/bot8308955773:AAHRa238qrLCJPcbBvgrSJk3EPqbiGsPsAI/getUpdates "HTTP/1.1 200 OK"
2026-02-16 03:22:27,239 - httpx - INFO - HTTP Request: POST https://api.telegram.org/bot8308955773:AAHRa238qrLCJPcbBvgrSJk3EPqbiGsPsAI/answerCallbackQuery "HTTP/1.1 200 OK"
2026-02-16 03:22:28,306 - httpx - INFO - HTTP Request: POST https://api.telegram.org/bot8308955773:AAHRa238qrLCJPcbBvgrSJk3EPqbiGsPsAI/getUpdates "HTTP/1.1 200 OK"
2026-02-16 03:22:28,494 - httpx - INFO - HTTP Request: POST https://api.telegram.org/bot8308955773:AAHRa238qrLCJPcbBvgrSJk3EPqbiGsPsAI/answerCallbackQuery "HTTP/1.1 200 OK"
2026-02-16 03:22:28,917 - httpx - INFO - HTTP Request: POST https://api.telegram.org/bot8308955773:AAHRa238qrLCJPcbBvgrSJk3EPqbiGsPsAI/editMessageCaption "HTTP/1.1 200 OK"
2026-02-16 03:22:29,855 - httpx - INFO - HTTP Request: POST https://api.telegram.org/bot8308955773:AAHRa238qrLCJPcbBvgrSJk3EPqbiGsPsAI/getUpdates "HTTP/1.1 200 OK"
2026-02-16 03:22:30,063 - httpx - INFO - HTTP Request: POST https://api.telegram.org/bot8308955773:AAHRa238qrLCJPcbBvgrSJk3EPqbiGsPsAI/sendPhoto "HTTP/1.1 200 OK"
2026-02-16 03:22:31,411 - httpx - INFO - HTTP Request: POST https://api.telegram.org/bot8308955773:AAHRa238qrLCJPcbBvgrSJk3EPqbiGsPsAI/getUpdates "HTTP/1.1 200 OK"
2026-02-16 03:22:31,433 - httpx - INFO - HTTP Request: POST https://api.telegram.org/bot8308955773:AAHRa238qrLCJPcbBvgrSJk3EPqbiGsPsAI/editMessageText "HTTP/1.1 400 Bad Request"
2026-02-16 03:22:31,634 - httpx - INFO - HTTP Request: POST https://api.telegram.org/bot8308955773:AAHRa238qrLCJPcbBvgrSJk3EPqbiGsPsAI/editMessageCaption "HTTP/1.1 200 OK"
2026-02-16 03:22:32,750 - httpx - INFO - HTTP Request: POST https://api.telegram.org/bot8308955773:AAHRa238qrLCJPcbBvgrSJk3EPqbiGsPsAI/getUpdates "HTTP/1.1 200 OK"
2026-02-16 03:22:32,954 - httpx - INFO - HTTP Request: POST https://api.telegram.org/bot8308955773:AAHRa238qrLCJPcbBvgrSJk3EPqbiGsPsAI/answerCallbackQuery "HTTP/1.1 200 OK"
2026-02-16 03:22:33,888 - httpx - INFO - HTTP Request: POST https://api.telegram.org/bot8308955773:AAHRa238qrLCJPcbBvgrSJk3EPqbiGsPsAI/getUpdates "HTTP/1.1 200 OK"
2026-02-16 03:22:34,077 - httpx - INFO - HTTP Request: POST https://api.telegram.org/bot8308955773:AAHRa238qrLCJPcbBvgrSJk3EPqbiGsPsAI/answerCallbackQuery "HTTP/1.1 200 OK"
2026-02-16 03:22:34,506 - httpx - INFO - HTTP Request: POST https://api.telegram.org/bot8308955773:AAHRa238qrLCJPcbBvgrSJk3EPqbiGsPsAI/editMessageCaption "HTTP/1.1 200 OK"
2026-02-16 03:22:35,490 - httpx - INFO - HTTP Request: POST https://api.telegram.org/bot8308955773:AAHRa238qrLCJPcbBvgrSJk3EPqbiGsPsAI/getUpdates "HTTP/1.1 200 OK"
2026-02-16 03:22:35,711 - httpx - INFO - HTTP Request: POST https://api.telegram.org/bot8308955773:AAHRa238qrLCJPcbBvgrSJk3EPqbiGsPsAI/sendPhoto "HTTP/1.1 200 OK"
2026-02-16 03:22:36,854 - httpx - INFO - HTTP Request: POST https://api.telegram.org/bot8308955773:AAHRa238qrLCJPcbBvgrSJk3EPqbiGsPsAI/getUpdates "HTTP/1.1 200 OK"
2026-02-16 03:22:36,876 - httpx - INFO - HTTP Request: POST https://api.telegram.org/bot8308955773:AAHRa238qrLCJPcbBvgrSJk3EPqbiGsPsAI/editMessageText "HTTP/1.1 400 Bad Request"
2026-02-16 03:22:37,080 - httpx - INFO - HTTP Request: POST https://api.telegram.org/bot8308955773:AAHRa238qrLCJPcbBvgrSJk3EPqbiGsPsAI/editMessageCaption "HTTP/1.1 200 OK"
2026-02-16 03:22:38,153 - httpx - INFO - HTTP Request: POST https://api.telegram.org/bot8308955773:AAHRa238qrLCJPcbBvgrSJk3EPqbiGsPsAI/getUpdates "HTTP/1.1 200 OK"
2026-02-16 03:22:38,345 - httpx - INFO - HTTP Request: POST https://api.telegram.org/bot8308955773:AAHRa238qrLCJPcbBvgrSJk3EPqbiGsPsAI/answerCallbackQuery "HTTP/1.1 200 OK"
2026-02-16 03:22:39,298 - httpx - INFO - HTTP Request: POST https://api.telegram.org/bot8308955773:AAHRa238qrLCJPcbBvgrSJk3EPqbiGsPsAI/getUpdates "HTTP/1.1 200 OK"
2026-02-16 03:22:39,485 - httpx - INFO - HTTP Request: POST https://api.telegram.org/bot8308955773:AAHRa238qrLCJPcbBvgrSJk3EPqbiGsPsAI/answerCallbackQuery "HTTP/1.1 200 OK"
2026-02-16 03:22:39,904 - httpx - INFO - HTTP Request: POST https://api.telegram.org/bot8308955773:AAHRa238qrLCJPcbBvgrSJk3EPqbiGsPsAI/editMessageCaption "HTTP/1.1 200 OK"
2026-02-16 03:22:41,103 - httpx - INFO - HTTP Request: POST https://api.telegram.org/bot8308955773:AAHRa238qrLCJPcbBvgrSJk3EPqbiGsPsAI/getUpdates "HTTP/1.1 200 OK"
2026-02-16 03:22:41,527 - httpx - INFO - HTTP Request: POST https://api.telegram.org/bot8308955773:AAHRa238qrLCJPcbBvgrSJk3EPqbiGsPsAI/sendMessage "HTTP/1.1 200 OK"
2026-02-16 03:22:42,931 - httpx - INFO - HTTP Request: POST https://api.telegram.org/bot8308955773:AAHRa238qrLCJPcbBvgrSJk3EPqbiGsPsAI/getUpdates "HTTP/1.1 200 OK"
2026-02-16 03:22:43,144 - httpx - INFO - HTTP Request: POST https://api.telegram.org/bot8308955773:AAHRa238qrLCJPcbBvgrSJk3EPqbiGsPsAI/sendPhoto "HTTP/1.1 200 OK"
2026-02-16 03:22:44,450 - httpx - INFO - HTTP Request: POST https://api.telegram.org/bot8308955773:AAHRa238qrLCJPcbBvgrSJk3EPqbiGsPsAI/getUpdates "HTTP/1.1 200 OK"
2026-02-16 03:22:44,472 - httpx - INFO - HTTP Request: POST https://api.telegram.org/bot8308955773:AAHRa238qrLCJPcbBvgrSJk3EPqbiGsPsAI/editMessageText "HTTP/1.1 400 Bad Request"
2026-02-16 03:22:44,677 - httpx - INFO - HTTP Request: POST https://api.telegram.org/bot8308955773:AAHRa238qrLCJPcbBvgrSJk3EPqbiGsPsAI/editMessageCaption "HTTP/1.1 200 OK"
2026-02-16 03:22:45,895 - httpx - INFO - HTTP Request: POST https://api.telegram.org/bot8308955773:AAHRa238qrLCJPcbBvgrSJk3EPqbiGsPsAI/getUpdates "HTTP/1.1 200 OK"
2026-02-16 03:22:46,093 - httpx - INFO - HTTP Request: POST https://api.telegram.org/bot8308955773:AAHRa238qrLCJPcbBvgrSJk3EPqbiGsPsAI/answerCallbackQuery "HTTP/1.1 200 OK"
2026-02-16 03:22:47,018 - httpx - INFO - HTTP Request: POST https://api.telegram.org/bot8308955773:AAHRa238qrLCJPcbBvgrSJk3EPqbiGsPsAI/getUpdates "HTTP/1.1 200 OK"
2026-02-16 03:22:47,231 - httpx - INFO - HTTP Request: POST https://api.telegram.org/bot8308955773:AAHRa238qrLCJPcbBvgrSJk3EPqbiGsPsAI/answerCallbackQuery "HTTP/1.1 200 OK"
2026-02-16 03:22:47,654 - httpx - INFO - HTTP Request: POST https://api.telegram.org/bot8308955773:AAHRa238qrLCJPcbBvgrSJk3EPqbiGsPsAI/editMessageCaption "HTTP/1.1 200 OK"
2026-02-16 03:22:48,743 - httpx - INFO - HTTP Request: POST https://api.telegram.org/bot8308955773:AAHRa238qrLCJPcbBvgrSJk3EPqbiGsPsAI/getUpdates "HTTP/1.1 200 OK"
2026-02-16 03:22:48,972 - httpx - INFO - HTTP Request: POST https://api.telegram.org/bot8308955773:AAHRa238qrLCJPcbBvgrSJk3EPqbiGsPsAI/sendPhoto "HTTP/1.1 200 OK"
2026-02-16 03:22:51,043 - httpx - INFO - HTTP Request: POST https://api.telegram.org/bot8308955773:AAHRa238qrLCJPcbBvgrSJk3EPqbiGsPsAI/getUpdates "HTTP/1.1 200 OK"
2026-02-16 03:22:51,248 - httpx - INFO - HTTP Request: POST https://api.telegram.org/bot8308955773:AAHRa238qrLCJPcbBvgrSJk3EPqbiGsPsAI/sendMessage "HTTP/1.1 200 OK"
2026-02-16 03:22:53,538 - httpx - INFO - HTTP Request: POST https://api.telegram.org/bot8308955773:AAHRa238qrLCJPcbBvgrSJk3EPqbiGsPsAI/getUpdates "HTTP/1.1 200 OK"
2026-02-16 03:22:53,560 - httpx - INFO - HTTP Request: POST https://api.telegram.org/bot8308955773:AAHRa238qrLCJPcbBvgrSJk3EPqbiGsPsAI/editMessageText "HTTP/1.1 400 Bad Request"
2026-02-16 03:22:53,880 - httpx - INFO - HTTP Request: POST https://api.telegram.org/bot8308955773:AAHRa238qrLCJPcbBvgrSJk3EPqbiGsPsAI/editMessageCaption "HTTP/1.1 200 OK"
2026-02-16 03:22:54,974 - httpx - INFO - HTTP Request: POST https://api.telegram.org/bot8308955773:AAHRa238qrLCJPcbBvgrSJk3EPqbiGsPsAI/getUpdates "HTTP/1.1 200 OK"
2026-02-16 03:22:55,165 - httpx - INFO - HTTP Request: POST https://api.telegram.org/bot8308955773:AAHRa238qrLCJPcbBvgrSJk3EPqbiGsPsAI/answerCallbackQuery "HTTP/1.1 200 OK"
2026-02-16 03:22:57,184 - httpx - INFO - HTTP Request: POST https://api.telegram.org/bot8308955773:AAHRa238qrLCJPcbBvgrSJk3EPqbiGsPsAI/getUpdates "HTTP/1.1 200 OK"
2026-02-16 03:22:57,373 - httpx - INFO - HTTP Request: POST https://api.telegram.org/bot8308955773:AAHRa238qrLCJPcbBvgrSJk3EPqbiGsPsAI/answerCallbackQuery "HTTP/1.1 200 OK"
2026-02-16 03:22:57,804 - httpx - INFO - HTTP Request: POST https://api.telegram.org/bot8308955773:AAHRa238qrLCJPcbBvgrSJk3EPqbiGsPsAI/editMessageCaption "HTTP/1.1 200 OK"
2026-02-16 03:23:07,219 - httpx - INFO - HTTP Request: POST https://api.telegram.org/bot8308955773:AAHRa238qrLCJPcbBvgrSJk3EPqbiGsPsAI/getUpdates "HTTP/1.1 200 OK"
2026-02-16 03:23:17,270 - httpx - INFO - HTTP Request: POST https://api.telegram.org/bot8308955773:AAHRa238qrLCJPcbBvgrSJk3EPqbiGsPsAI/getUpdates "HTTP/1.1 200 OK"
2026-02-16 03:23:24,155 - httpx - INFO - HTTP Request: POST https://api.telegram.org/bot8308955773:AAHRa238qrLCJPcbBvgrSJk3EPqbiGsPsAI/getUpdates "HTTP/1.1 200 OK"
2026-02-16 03:23:24,406 - httpx - INFO - HTTP Request: POST https://api.telegram.org/bot8308955773:AAHRa238qrLCJPcbBvgrSJk3EPqbiGsPsAI/sendPhoto "HTTP/1.1 200 OK"
2026-02-16 03:23:26,027 - httpx - INFO - HTTP Request: POST https://api.telegram.org/bot8308955773:AAHRa238qrLCJPcbBvgrSJk3EPqbiGsPsAI/getUpdates "HTTP/1.1 200 OK"
2026-02-16 03:23:26,047 - httpx - INFO - HTTP Request: POST https://api.telegram.org/bot8308955773:AAHRa238qrLCJPcbBvgrSJk3EPqbiGsPsAI/editMessageText "HTTP/1.1 400 Bad Request"
2026-02-16 03:23:26,244 - httpx - INFO - HTTP Request: POST https://api.telegram.org/bot8308955773:AAHRa238qrLCJPcbBvgrSJk3EPqbiGsPsAI/editMessageCaption "HTTP/1.1 200 OK"
2026-02-16 03:23:27,253 - httpx - INFO - HTTP Request: POST https://api.telegram.org/bot8308955773:AAHRa238qrLCJPcbBvgrSJk3EPqbiGsPsAI/getUpdates "HTTP/1.1 200 OK"
2026-02-16 03:23:27,441 - httpx - INFO - HTTP Request: POST https://api.telegram.org/bot8308955773:AAHRa238qrLCJPcbBvgrSJk3EPqbiGsPsAI/answerCallbackQuery "HTTP/1.1 200 OK"
2026-02-16 03:23:28,767 - httpx - INFO - HTTP Request: POST https://api.telegram.org/bot8308955773:AAHRa238qrLCJPcbBvgrSJk3EPqbiGsPsAI/getUpdates "HTTP/1.1 200 OK"
2026-02-16 03:23:28,955 - httpx - INFO - HTTP Request: POST https://api.telegram.org/bot8308955773:AAHRa238qrLCJPcbBvgrSJk3EPqbiGsPsAI/answerCallbackQuery "HTTP/1.1 200 OK"
2026-02-16 03:23:29,383 - httpx - INFO - HTTP Request: POST https://api.telegram.org/bot8308955773:AAHRa238qrLCJPcbBvgrSJk3EPqbiGsPsAI/editMessageCaption "HTTP/1.1 200 OK"
2026-02-16 03:23:30,889 - httpx - INFO - HTTP Request: POST https://api.telegram.org/bot8308955773:AAHRa238qrLCJPcbBvgrSJk3EPqbiGsPsAI/getUpdates "HTTP/1.1 200 OK"
2026-02-16 03:23:31,325 - httpx - INFO - HTTP Request: POST https://api.telegram.org/bot8308955773:AAHRa238qrLCJPcbBvgrSJk3EPqbiGsPsAI/sendMessage "HTTP/1.1 200 OK"
2026-02-16 03:23:39,718 - httpx - INFO - HTTP Request: POST https://api.telegram.org/bot8308955773:AAHRa238qrLCJPcbBvgrSJk3EPqbiGsPsAI/getUpdates "HTTP/1.1 200 OK"
2026-02-16 03:23:39,965 - httpx - INFO - HTTP Request: POST https://api.telegram.org/bot8308955773:AAHRa238qrLCJPcbBvgrSJk3EPqbiGsPsAI/sendMessage "HTTP/1.1 200 OK"
2026-02-16 03:23:42,113 - httpx - INFO - HTTP Request: POST https://api.telegram.org/bot8308955773:AAHRa238qrLCJPcbBvgrSJk3EPqbiGsPsAI/getUpdates "HTTP/1.1 200 OK"
2026-02-16 03:23:42,324 - httpx - INFO - HTTP Request: POST https://api.telegram.org/bot8308955773:AAHRa238qrLCJPcbBvgrSJk3EPqbiGsPsAI/sendMessage "HTTP/1.1 200 OK"
2026-02-16 03:23:45,752 - httpx - INFO - HTTP Request: POST https://api.telegram.org/bot8308955773:AAHRa238qrLCJPcbBvgrSJk3EPqbiGsPsAI/getUpdates "HTTP/1.1 200 OK"
2026-02-16 03:23:45,961 - httpx - INFO - HTTP Request: POST https://api.telegram.org/bot8308955773:AAHRa238qrLCJPcbBvgrSJk3EPqbiGsPsAI/sendMessage "HTTP/1.1 200 OK"
2026-02-16 03:23:55,772 - httpx - INFO - HTTP Request: POST https://api.telegram.org/bot8308955773:AAHRa238qrLCJPcbBvgrSJk3EPqbiGsPsAI/getUpdates "HTTP/1.1 200 OK"
2026-02-16 03:23:55,797 - httpx - INFO - HTTP Request: POST https://api.telegram.org/bot8308955773:AAHRa238qrLCJPcbBvgrSJk3EPqbiGsPsAI/getUpdates "HTTP/1.1 200 OK"
2026-02-16 03:23:56,267 - httpx - INFO - HTTP Request: POST https://api.telegram.org/bot8308955773:AAHRa238qrLCJPcbBvgrSJk3EPqbiGsPsAI/sendPhoto "HTTP/1.1 200 OK"
2026-02-16 03:24:06,041 - httpx - INFO - HTTP Request: POST https://api.telegram.org/bot8308955773:AAHRa238qrLCJPcbBvgrSJk3EPqbiGsPsAI/getUpdates "HTTP/1.1 200 OK"
2026-02-16 03:24:15,777 - httpx - INFO - HTTP Request: POST https://api.telegram.org/bot8308955773:AAHRa238qrLCJPcbBvgrSJk3EPqbiGsPsAI/getUpdates "HTTP/1.1 200 OK"
2026-02-16 03:24:16,027 - httpx - INFO - HTTP Request: POST https://api.telegram.org/bot8308955773:AAHRa238qrLCJPcbBvgrSJk3EPqbiGsPsAI/sendPhoto "HTTP/1.1 200 OK"
2026-02-16 03:24:17,381 - httpx - INFO - HTTP Request: POST https://api.telegram.org/bot8308955773:AAHRa238qrLCJPcbBvgrSJk3EPqbiGsPsAI/getUpdates "HTTP/1.1 200 OK"
2026-02-16 03:24:17,402 - httpx - INFO - HTTP Request: POST https://api.telegram.org/bot8308955773:AAHRa238qrLCJPcbBvgrSJk3EPqbiGsPsAI/editMessageText "HTTP/1.1 400 Bad Request"
2026-02-16 03:24:17,609 - httpx - INFO - HTTP Request: POST https://api.telegram.org/bot8308955773:AAHRa238qrLCJPcbBvgrSJk3EPqbiGsPsAI/editMessageCaption "HTTP/1.1 200 OK"
2026-02-16 03:24:18,924 - httpx - INFO - HTTP Request: POST https://api.telegram.org/bot8308955773:AAHRa238qrLCJPcbBvgrSJk3EPqbiGsPsAI/getUpdates "HTTP/1.1 200 OK"
2026-02-16 03:24:19,116 - httpx - INFO - HTTP Request: POST https://api.telegram.org/bot8308955773:AAHRa238qrLCJPcbBvgrSJk3EPqbiGsPsAI/answerCallbackQuery "HTTP/1.1 200 OK"
2026-02-16 03:24:20,154 - httpx - INFO - HTTP Request: POST https://api.telegram.org/bot8308955773:AAHRa238qrLCJPcbBvgrSJk3EPqbiGsPsAI/getUpdates "HTTP/1.1 200 OK"
2026-02-16 03:24:20,356 - httpx - INFO - HTTP Request: POST https://api.telegram.org/bot8308955773:AAHRa238qrLCJPcbBvgrSJk3EPqbiGsPsAI/answerCallbackQuery "HTTP/1.1 200 OK"
2026-02-16 03:24:20,781 - httpx - INFO - HTTP Request: POST https://api.telegram.org/bot8308955773:AAHRa238qrLCJPcbBvgrSJk3EPqbiGsPsAI/editMessageCaption "HTTP/1.1 200 OK"
2026-02-16 03:24:21,787 - httpx - INFO - HTTP Request: POST https://api.telegram.org/bot8308955773:AAHRa238qrLCJPcbBvgrSJk3EPqbiGsPsAI/getUpdates "HTTP/1.1 200 OK"
2026-02-16 03:24:22,223 - httpx - INFO - HTTP Request: POST https://api.telegram.org/bot8308955773:AAHRa238qrLCJPcbBvgrSJk3EPqbiGsPsAI/sendPhoto "HTTP/1.1 200 OK"
2026-02-16 03:24:23,539 - httpx - INFO - HTTP Request: POST https://api.telegram.org/bot8308955773:AAHRa238qrLCJPcbBvgrSJk3EPqbiGsPsAI/getUpdates "HTTP/1.1 200 OK"
2026-02-16 03:24:23,755 - httpx - INFO - HTTP Request: POST https://api.telegram.org/bot8308955773:AAHRa238qrLCJPcbBvgrSJk3EPqbiGsPsAI/sendPhoto "HTTP/1.1 200 OK"
2026-02-16 03:24:25,046 - httpx - INFO - HTTP Request: POST https://api.telegram.org/bot8308955773:AAHRa238qrLCJPcbBvgrSJk3EPqbiGsPsAI/getUpdates "HTTP/1.1 200 OK"
2026-02-16 03:24:25,070 - httpx - INFO - HTTP Request: POST https://api.telegram.org/bot8308955773:AAHRa238qrLCJPcbBvgrSJk3EPqbiGsPsAI/editMessageText "HTTP/1.1 400 Bad Request"
2026-02-16 03:24:25,275 - httpx - INFO - HTTP Request: POST https://api.telegram.org/bot8308955773:AAHRa238qrLCJPcbBvgrSJk3EPqbiGsPsAI/editMessageCaption "HTTP/1.1 200 OK"
2026-02-16 03:24:26,512 - httpx - INFO - HTTP Request: POST https://api.telegram.org/bot8308955773:AAHRa238qrLCJPcbBvgrSJk3EPqbiGsPsAI/getUpdates "HTTP/1.1 200 OK"
2026-02-16 03:24:26,702 - httpx - INFO - HTTP Request: POST https://api.telegram.org/bot8308955773:AAHRa238qrLCJPcbBvgrSJk3EPqbiGsPsAI/answerCallbackQuery "HTTP/1.1 200 OK"
2026-02-16 03:24:28,426 - httpx - INFO - HTTP Request: POST https://api.telegram.org/bot8308955773:AAHRa238qrLCJPcbBvgrSJk3EPqbiGsPsAI/getUpdates "HTTP/1.1 200 OK"
2026-02-16 03:24:28,612 - httpx - INFO - HTTP Request: POST https://api.telegram.org/bot8308955773:AAHRa238qrLCJPcbBvgrSJk3EPqbiGsPsAI/answerCallbackQuery "HTTP/1.1 200 OK"
2026-02-16 03:24:29,042 - httpx - INFO - HTTP Request: POST https://api.telegram.org/bot8308955773:AAHRa238qrLCJPcbBvgrSJk3EPqbiGsPsAI/editMessageCaption "HTTP/1.1 200 OK"
2026-02-16 03:24:29,955 - httpx - INFO - HTTP Request: POST https://api.telegram.org/bot8308955773:AAHRa238qrLCJPcbBvgrSJk3EPqbiGsPsAI/getUpdates "HTTP/1.1 200 OK"
2026-02-16 03:24:30,383 - httpx - INFO - HTTP Request: POST https://api.telegram.org/bot8308955773:AAHRa238qrLCJPcbBvgrSJk3EPqbiGsPsAI/sendPhoto "HTTP/1.1 200 OK"
2026-02-16 03:24:32,726 - httpx - INFO - HTTP Request: POST https://api.telegram.org/bot8308955773:AAHRa238qrLCJPcbBvgrSJk3EPqbiGsPsAI/getUpdates "HTTP/1.1 200 OK"
2026-02-16 03:24:32,948 - httpx - INFO - HTTP Request: POST https://api.telegram.org/bot8308955773:AAHRa238qrLCJPcbBvgrSJk3EPqbiGsPsAI/sendPhoto "HTTP/1.1 200 OK"
2026-02-16 03:24:34,085 - httpx - INFO - HTTP Request: POST https://api.telegram.org/bot8308955773:AAHRa238qrLCJPcbBvgrSJk3EPqbiGsPsAI/getUpdates "HTTP/1.1 200 OK"
2026-02-16 03:24:34,105 - httpx - INFO - HTTP Request: POST https://api.telegram.org/bot8308955773:AAHRa238qrLCJPcbBvgrSJk3EPqbiGsPsAI/editMessageText "HTTP/1.1 400 Bad Request"
2026-02-16 03:24:34,318 - httpx - INFO - HTTP Request: POST https://api.telegram.org/bot8308955773:AAHRa238qrLCJPcbBvgrSJk3EPqbiGsPsAI/editMessageCaption "HTTP/1.1 200 OK"
2026-02-16 03:24:36,288 - httpx - INFO - HTTP Request: POST https://api.telegram.org/bot8308955773:AAHRa238qrLCJPcbBvgrSJk3EPqbiGsPsAI/getUpdates "HTTP/1.1 200 OK"
2026-02-16 03:24:36,537 - httpx - INFO - HTTP Request: POST https://api.telegram.org/bot8308955773:AAHRa238qrLCJPcbBvgrSJk3EPqbiGsPsAI/answerCallbackQuery "HTTP/1.1 200 OK"
2026-02-16 03:24:36,961 - httpx - INFO - HTTP Request: POST https://api.telegram.org/bot8308955773:AAHRa238qrLCJPcbBvgrSJk3EPqbiGsPsAI/editMessageCaption "HTTP/1.1 200 OK"
2026-02-16 03:24:37,813 - httpx - INFO - HTTP Request: POST https://api.telegram.org/bot8308955773:AAHRa238qrLCJPcbBvgrSJk3EPqbiGsPsAI/getUpdates "HTTP/1.1 200 OK"
2026-02-16 03:24:38,057 - httpx - INFO - HTTP Request: POST https://api.telegram.org/bot8308955773:AAHRa238qrLCJPcbBvgrSJk3EPqbiGsPsAI/sendPhoto "HTTP/1.1 200 OK"
2026-02-16 03:24:39,250 - httpx - INFO - HTTP Request: POST https://api.telegram.org/bot8308955773:AAHRa238qrLCJPcbBvgrSJk3EPqbiGsPsAI/getUpdates "HTTP/1.1 200 OK"
2026-02-16 03:24:39,279 - httpx - INFO - HTTP Request: POST https://api.telegram.org/bot8308955773:AAHRa238qrLCJPcbBvgrSJk3EPqbiGsPsAI/editMessageText "HTTP/1.1 400 Bad Request"
2026-02-16 03:24:39,484 - httpx - INFO - HTTP Request: POST https://api.telegram.org/bot8308955773:AAHRa238qrLCJPcbBvgrSJk3EPqbiGsPsAI/editMessageCaption "HTTP/1.1 200 OK"
2026-02-16 03:24:40,627 - httpx - INFO - HTTP Request: POST https://api.telegram.org/bot8308955773:AAHRa238qrLCJPcbBvgrSJk3EPqbiGsPsAI/getUpdates "HTTP/1.1 200 OK"
2026-02-16 03:24:40,850 - httpx - INFO - HTTP Request: POST https://api.telegram.org/bot8308955773:AAHRa238qrLCJPcbBvgrSJk3EPqbiGsPsAI/answerCallbackQuery "HTTP/1.1 200 OK"
2026-02-16 03:24:45,602 - httpx - INFO - HTTP Request: POST https://api.telegram.org/bot8308955773:AAHRa238qrLCJPcbBvgrSJk3EPqbiGsPsAI/getUpdates "HTTP/1.1 200 OK"
2026-02-16 03:24:45,801 - httpx - INFO - HTTP Request: POST https://api.telegram.org/bot8308955773:AAHRa238qrLCJPcbBvgrSJk3EPqbiGsPsAI/answerCallbackQuery "HTTP/1.1 200 OK"
2026-02-16 03:24:46,224 - httpx - INFO - HTTP Request: POST https://api.telegram.org/bot8308955773:AAHRa238qrLCJPcbBvgrSJk3EPqbiGsPsAI/editMessageCaption "HTTP/1.1 200 OK"
2026-02-16 03:24:48,644 - httpx - INFO - HTTP Request: POST https://api.telegram.org/bot8308955773:AAHRa238qrLCJPcbBvgrSJk3EPqbiGsPsAI/getUpdates "HTTP/1.1 200 OK"
2026-02-16 03:24:48,857 - httpx - INFO - HTTP Request: POST https://api.telegram.org/bot8308955773:AAHRa238qrLCJPcbBvgrSJk3EPqbiGsPsAI/sendPhoto "HTTP/1.1 200 OK"
2026-02-16 03:24:49,950 - httpx - INFO - HTTP Request: POST https://api.telegram.org/bot8308955773:AAHRa238qrLCJPcbBvgrSJk3EPqbiGsPsAI/getUpdates "HTTP/1.1 200 OK"
2026-02-16 03:24:49,976 - httpx - INFO - HTTP Request: POST https://api.telegram.org/bot8308955773:AAHRa238qrLCJPcbBvgrSJk3EPqbiGsPsAI/editMessageText "HTTP/1.1 400 Bad Request"
2026-02-16 03:24:50,179 - httpx - INFO - HTTP Request: POST https://api.telegram.org/bot8308955773:AAHRa238qrLCJPcbBvgrSJk3EPqbiGsPsAI/editMessageCaption "HTTP/1.1 200 OK"
2026-02-16 03:24:51,542 - httpx - INFO - HTTP Request: POST https://api.telegram.org/bot8308955773:AAHRa238qrLCJPcbBvgrSJk3EPqbiGsPsAI/getUpdates "HTTP/1.1 200 OK"
2026-02-16 03:24:51,728 - httpx - INFO - HTTP Request: POST https://api.telegram.org/bot8308955773:AAHRa238qrLCJPcbBvgrSJk3EPqbiGsPsAI/answerCallbackQuery "HTTP/1.1 200 OK"
2026-02-16 03:24:52,577 - httpx - INFO - HTTP Request: POST https://api.telegram.org/bot8308955773:AAHRa238qrLCJPcbBvgrSJk3EPqbiGsPsAI/getUpdates "HTTP/1.1 200 OK"
2026-02-16 03:24:52,771 - httpx - INFO - HTTP Request: POST https://api.telegram.org/bot8308955773:AAHRa238qrLCJPcbBvgrSJk3EPqbiGsPsAI/answerCallbackQuery "HTTP/1.1 200 OK"
2026-02-16 03:24:53,197 - httpx - INFO - HTTP Request: POST https://api.telegram.org/bot8308955773:AAHRa238qrLCJPcbBvgrSJk3EPqbiGsPsAI/editMessageCaption "HTTP/1.1 200 OK"
2026-02-16 03:24:54,017 - httpx - INFO - HTTP Request: POST https://api.telegram.org/bot8308955773:AAHRa238qrLCJPcbBvgrSJk3EPqbiGsPsAI/getUpdates "HTTP/1.1 200 OK"
2026-02-16 03:24:54,229 - httpx - INFO - HTTP Request: POST https://api.telegram.org/bot8308955773:AAHRa238qrLCJPcbBvgrSJk3EPqbiGsPsAI/sendPhoto "HTTP/1.1 200 OK"
2026-02-16 03:24:56,308 - httpx - INFO - HTTP Request: POST https://api.telegram.org/bot8308955773:AAHRa238qrLCJPcbBvgrSJk3EPqbiGsPsAI/getUpdates "HTTP/1.1 200 OK"
2026-02-16 03:24:56,326 - httpx - INFO - HTTP Request: POST https://api.telegram.org/bot8308955773:AAHRa238qrLCJPcbBvgrSJk3EPqbiGsPsAI/editMessageText "HTTP/1.1 400 Bad Request"
2026-02-16 03:24:56,532 - httpx - INFO - HTTP Request: POST https://api.telegram.org/bot8308955773:AAHRa238qrLCJPcbBvgrSJk3EPqbiGsPsAI/editMessageCaption "HTTP/1.1 200 OK"
2026-02-16 03:24:58,218 - httpx - INFO - HTTP Request: POST https://api.telegram.org/bot8308955773:AAHRa238qrLCJPcbBvgrSJk3EPqbiGsPsAI/getUpdates "HTTP/1.1 200 OK"
2026-02-16 03:24:58,444 - httpx - INFO - HTTP Request: POST https://api.telegram.org/bot8308955773:AAHRa238qrLCJPcbBvgrSJk3EPqbiGsPsAI/answerCallbackQuery "HTTP/1.1 200 OK"
2026-02-16 03:25:00,474 - httpx - INFO - HTTP Request: POST https://api.telegram.org/bot8308955773:AAHRa238qrLCJPcbBvgrSJk3EPqbiGsPsAI/getUpdates "HTTP/1.1 200 OK"
2026-02-16 03:25:00,670 - httpx - INFO - HTTP Request: POST https://api.telegram.org/bot8308955773:AAHRa238qrLCJPcbBvgrSJk3EPqbiGsPsAI/answerCallbackQuery "HTTP/1.1 200 OK"
2026-02-16 03:25:01,109 - httpx - INFO - HTTP Request: POST https://api.telegram.org/bot8308955773:AAHRa238qrLCJPcbBvgrSJk3EPqbiGsPsAI/editMessageCaption "HTTP/1.1 200 OK"
2026-02-16 03:25:01,893 - httpx - INFO - HTTP Request: POST https://api.telegram.org/bot8308955773:AAHRa238qrLCJPcbBvgrSJk3EPqbiGsPsAI/getUpdates "HTTP/1.1 200 OK"
2026-02-16 03:25:02,129 - httpx - INFO - HTTP Request: POST https://api.telegram.org/bot8308955773:AAHRa238qrLCJPcbBvgrSJk3EPqbiGsPsAI/sendPhoto "HTTP/1.1 200 OK"
2026-02-16 03:25:11,409 - httpx - INFO - HTTP Request: POST https://api.telegram.org/bot8308955773:AAHRa238qrLCJPcbBvgrSJk3EPqbiGsPsAI/getUpdates "HTTP/1.1 200 OK"
2026-02-16 03:25:11,498 - httpx - INFO - HTTP Request: POST https://api.telegram.org/bot8308955773:AAHRa238qrLCJPcbBvgrSJk3EPqbiGsPsAI/editMessageText "HTTP/1.1 400 Bad Request"
2026-02-16 03:25:11,703 - httpx - INFO - HTTP Request: POST https://api.telegram.org/bot8308955773:AAHRa238qrLCJPcbBvgrSJk3EPqbiGsPsAI/editMessageCaption "HTTP/1.1 200 OK"
2026-02-16 03:25:13,184 - httpx - INFO - HTTP Request: POST https://api.telegram.org/bot8308955773:AAHRa238qrLCJPcbBvgrSJk3EPqbiGsPsAI/getUpdates "HTTP/1.1 200 OK"
2026-02-16 03:25:13,384 - httpx - INFO - HTTP Request: POST https://api.telegram.org/bot8308955773:AAHRa238qrLCJPcbBvgrSJk3EPqbiGsPsAI/answerCallbackQuery "HTTP/1.1 200 OK"
2026-02-16 03:25:21,974 - httpx - INFO - HTTP Request: POST https://api.telegram.org/bot8308955773:AAHRa238qrLCJPcbBvgrSJk3EPqbiGsPsAI/getUpdates "HTTP/1.1 200 OK"
2026-02-16 03:25:22,228 - httpx - INFO - HTTP Request: POST https://api.telegram.org/bot8308955773:AAHRa238qrLCJPcbBvgrSJk3EPqbiGsPsAI/answerCallbackQuery "HTTP/1.1 200 OK"
2026-02-16 03:25:22,459 - httpx - INFO - HTTP Request: POST https://api.telegram.org/bot8308955773:AAHRa238qrLCJPcbBvgrSJk3EPqbiGsPsAI/getUpdates "HTTP/1.1 200 OK"
2026-02-16 03:25:22,664 - httpx - INFO - HTTP Request: POST https://api.telegram.org/bot8308955773:AAHRa238qrLCJPcbBvgrSJk3EPqbiGsPsAI/editMessageCaption "HTTP/1.1 200 OK"
2026-02-16 03:25:22,886 - httpx - INFO - HTTP Request: POST https://api.telegram.org/bot8308955773:AAHRa238qrLCJPcbBvgrSJk3EPqbiGsPsAI/sendPhoto "HTTP/1.1 200 OK"
2026-02-16 03:25:23,868 - httpx - INFO - HTTP Request: POST https://api.telegram.org/bot8308955773:AAHRa238qrLCJPcbBvgrSJk3EPqbiGsPsAI/getUpdates "HTTP/1.1 200 OK"
2026-02-16 03:25:23,893 - httpx - INFO - HTTP Request: POST https://api.telegram.org/bot8308955773:AAHRa238qrLCJPcbBvgrSJk3EPqbiGsPsAI/editMessageText "HTTP/1.1 400 Bad Request"
2026-02-16 03:25:24,167 - httpx - INFO - HTTP Request: POST https://api.telegram.org/bot8308955773:AAHRa238qrLCJPcbBvgrSJk3EPqbiGsPsAI/getUpdates "HTTP/1.1 200 OK"
2026-02-16 03:25:24,174 - httpx - INFO - HTTP Request: POST https://api.telegram.org/bot8308955773:AAHRa238qrLCJPcbBvgrSJk3EPqbiGsPsAI/editMessageCaption "HTTP/1.1 200 OK"
2026-02-16 03:25:24,487 - httpx - INFO - HTTP Request: POST https://api.telegram.org/bot8308955773:AAHRa238qrLCJPcbBvgrSJk3EPqbiGsPsAI/sendPhoto "HTTP/1.1 200 OK"
2026-02-16 03:25:25,110 - httpx - INFO - HTTP Request: POST https://api.telegram.org/bot8308955773:AAHRa238qrLCJPcbBvgrSJk3EPqbiGsPsAI/getUpdates "HTTP/1.1 200 OK"
2026-02-16 03:25:25,300 - httpx - INFO - HTTP Request: POST https://api.telegram.org/bot8308955773:AAHRa238qrLCJPcbBvgrSJk3EPqbiGsPsAI/answerCallbackQuery "HTTP/1.1 200 OK"
2026-02-16 03:25:26,220 - httpx - INFO - HTTP Request: POST https://api.telegram.org/bot8308955773:AAHRa238qrLCJPcbBvgrSJk3EPqbiGsPsAI/getUpdates "HTTP/1.1 200 OK"
2026-02-16 03:25:26,455 - httpx - INFO - HTTP Request: POST https://api.telegram.org/bot8308955773:AAHRa238qrLCJPcbBvgrSJk3EPqbiGsPsAI/answerCallbackQuery "HTTP/1.1 200 OK"
2026-02-16 03:25:26,887 - httpx - INFO - HTTP Request: POST https://api.telegram.org/bot8308955773:AAHRa238qrLCJPcbBvgrSJk3EPqbiGsPsAI/editMessageCaption "HTTP/1.1 200 OK"
2026-02-16 03:25:27,694 - httpx - INFO - HTTP Request: POST https://api.telegram.org/bot8308955773:AAHRa238qrLCJPcbBvgrSJk3EPqbiGsPsAI/getUpdates "HTTP/1.1 200 OK"
2026-02-16 03:25:27,901 - httpx - INFO - HTTP Request: POST https://api.telegram.org/bot8308955773:AAHRa238qrLCJPcbBvgrSJk3EPqbiGsPsAI/sendPhoto "HTTP/1.1 200 OK"
2026-02-16 03:25:29,206 - httpx - INFO - HTTP Request: POST https://api.telegram.org/bot8308955773:AAHRa238qrLCJPcbBvgrSJk3EPqbiGsPsAI/getUpdates "HTTP/1.1 200 OK"
2026-02-16 03:25:29,230 - httpx - INFO - HTTP Request: POST https://api.telegram.org/bot8308955773:AAHRa238qrLCJPcbBvgrSJk3EPqbiGsPsAI/editMessageText "HTTP/1.1 400 Bad Request"
2026-02-16 03:25:29,433 - httpx - INFO - HTTP Request: POST https://api.telegram.org/bot8308955773:AAHRa238qrLCJPcbBvgrSJk3EPqbiGsPsAI/editMessageCaption "HTTP/1.1 200 OK"
2026-02-16 03:25:29,955 - httpx - INFO - HTTP Request: POST https://api.telegram.org/bot8308955773:AAHRa238qrLCJPcbBvgrSJk3EPqbiGsPsAI/getUpdates "HTTP/1.1 200 OK"
2026-02-16 03:25:29,979 - httpx - INFO - HTTP Request: POST https://api.telegram.org/bot8308955773:AAHRa238qrLCJPcbBvgrSJk3EPqbiGsPsAI/editMessageText "HTTP/1.1 400 Bad Request"
2026-02-16 03:25:30,195 - httpx - INFO - HTTP Request: POST https://api.telegram.org/bot8308955773:AAHRa238qrLCJPcbBvgrSJk3EPqbiGsPsAI/editMessageCaption "HTTP/1.1 200 OK"
2026-02-16 03:25:30,337 - httpx - INFO - HTTP Request: POST https://api.telegram.org/bot8308955773:AAHRa238qrLCJPcbBvgrSJk3EPqbiGsPsAI/getUpdates "HTTP/1.1 200 OK"
2026-02-16 03:25:30,549 - httpx - INFO - HTTP Request: POST https://api.telegram.org/bot8308955773:AAHRa238qrLCJPcbBvgrSJk3EPqbiGsPsAI/answerCallbackQuery "HTTP/1.1 200 OK"
2026-02-16 03:25:31,484 - httpx - INFO - HTTP Request: POST https://api.telegram.org/bot8308955773:AAHRa238qrLCJPcbBvgrSJk3EPqbiGsPsAI/getUpdates "HTTP/1.1 200 OK"
2026-02-16 03:25:31,693 - httpx - INFO - HTTP Request: POST https://api.telegram.org/bot8308955773:AAHRa238qrLCJPcbBvgrSJk3EPqbiGsPsAI/answerCallbackQuery "HTTP/1.1 200 OK"
2026-02-16 03:25:32,163 - httpx - INFO - HTTP Request: POST https://api.telegram.org/bot8308955773:AAHRa238qrLCJPcbBvgrSJk3EPqbiGsPsAI/editMessageCaption "HTTP/1.1 200 OK"
2026-02-16 03:25:33,923 - httpx - INFO - HTTP Request: POST https://api.telegram.org/bot8308955773:AAHRa238qrLCJPcbBvgrSJk3EPqbiGsPsAI/getUpdates "HTTP/1.1 200 OK"
2026-02-16 03:25:34,137 - httpx - INFO - HTTP Request: POST https://api.telegram.org/bot8308955773:AAHRa238qrLCJPcbBvgrSJk3EPqbiGsPsAI/sendPhoto "HTTP/1.1 200 OK"
2026-02-16 03:25:35,309 - httpx - INFO - HTTP Request: POST https://api.telegram.org/bot8308955773:AAHRa238qrLCJPcbBvgrSJk3EPqbiGsPsAI/getUpdates "HTTP/1.1 200 OK"
2026-02-16 03:25:35,330 - httpx - INFO - HTTP Request: POST https://api.telegram.org/bot8308955773:AAHRa238qrLCJPcbBvgrSJk3EPqbiGsPsAI/editMessageText "HTTP/1.1 400 Bad Request"
2026-02-16 03:25:35,553 - httpx - INFO - HTTP Request: POST https://api.telegram.org/bot8308955773:AAHRa238qrLCJPcbBvgrSJk3EPqbiGsPsAI/editMessageCaption "HTTP/1.1 200 OK"
2026-02-16 03:25:36,518 - httpx - INFO - HTTP Request: POST https://api.telegram.org/bot8308955773:AAHRa238qrLCJPcbBvgrSJk3EPqbiGsPsAI/getUpdates "HTTP/1.1 200 OK"
2026-02-16 03:25:36,709 - httpx - INFO - HTTP Request: POST https://api.telegram.org/bot8308955773:AAHRa238qrLCJPcbBvgrSJk3EPqbiGsPsAI/answerCallbackQuery "HTTP/1.1 200 OK"
2026-02-16 03:25:37,502 - httpx - INFO - HTTP Request: POST https://api.telegram.org/bot8308955773:AAHRa238qrLCJPcbBvgrSJk3EPqbiGsPsAI/getUpdates "HTTP/1.1 200 OK"
2026-02-16 03:25:37,689 - httpx - INFO - HTTP Request: POST https://api.telegram.org/bot8308955773:AAHRa238qrLCJPcbBvgrSJk3EPqbiGsPsAI/answerCallbackQuery "HTTP/1.1 200 OK"
2026-02-16 03:25:38,117 - httpx - INFO - HTTP Request: POST https://api.telegram.org/bot8308955773:AAHRa238qrLCJPcbBvgrSJk3EPqbiGsPsAI/editMessageCaption "HTTP/1.1 200 OK"
2026-02-16 03:25:38,858 - httpx - INFO - HTTP Request: POST https://api.telegram.org/bot8308955773:AAHRa238qrLCJPcbBvgrSJk3EPqbiGsPsAI/getUpdates "HTTP/1.1 200 OK"
2026-02-16 03:25:39,069 - httpx - INFO - HTTP Request: POST https://api.telegram.org/bot8308955773:AAHRa238qrLCJPcbBvgrSJk3EPqbiGsPsAI/sendPhoto "HTTP/1.1 200 OK"
2026-02-16 03:25:39,401 - httpx - INFO - HTTP Request: POST https://api.telegram.org/bot8308955773:AAHRa238qrLCJPcbBvgrSJk3EPqbiGsPsAI/getUpdates "HTTP/1.1 200 OK"
2026-02-16 03:25:39,594 - httpx - INFO - HTTP Request: POST https://api.telegram.org/bot8308955773:AAHRa238qrLCJPcbBvgrSJk3EPqbiGsPsAI/answerCallbackQuery "HTTP/1.1 200 OK"
2026-02-16 03:25:40,016 - httpx - INFO - HTTP Request: POST https://api.telegram.org/bot8308955773:AAHRa238qrLCJPcbBvgrSJk3EPqbiGsPsAI/editMessageCaption "HTTP/1.1 200 OK"
2026-02-16 03:25:40,338 - httpx - INFO - HTTP Request: POST https://api.telegram.org/bot8308955773:AAHRa238qrLCJPcbBvgrSJk3EPqbiGsPsAI/getUpdates "HTTP/1.1 200 OK"
2026-02-16 03:25:40,359 - httpx - INFO - HTTP Request: POST https://api.telegram.org/bot8308955773:AAHRa238qrLCJPcbBvgrSJk3EPqbiGsPsAI/editMessageText "HTTP/1.1 400 Bad Request"
2026-02-16 03:25:40,562 - httpx - INFO - HTTP Request: POST https://api.telegram.org/bot8308955773:AAHRa238qrLCJPcbBvgrSJk3EPqbiGsPsAI/editMessageCaption "HTTP/1.1 200 OK"
2026-02-16 03:25:41,451 - httpx - INFO - HTTP Request: POST https://api.telegram.org/bot8308955773:AAHRa238qrLCJPcbBvgrSJk3EPqbiGsPsAI/getUpdates "HTTP/1.1 200 OK"
2026-02-16 03:25:41,703 - httpx - INFO - HTTP Request: POST https://api.telegram.org/bot8308955773:AAHRa238qrLCJPcbBvgrSJk3EPqbiGsPsAI/getUpdates "HTTP/1.1 200 OK"
2026-02-16 03:25:41,927 - httpx - INFO - HTTP Request: POST https://api.telegram.org/bot8308955773:AAHRa238qrLCJPcbBvgrSJk3EPqbiGsPsAI/sendPhoto "HTTP/1.1 200 OK"
2026-02-16 03:25:42,146 - httpx - INFO - HTTP Request: POST https://api.telegram.org/bot8308955773:AAHRa238qrLCJPcbBvgrSJk3EPqbiGsPsAI/answerCallbackQuery "HTTP/1.1 200 OK"
2026-02-16 03:25:42,927 - httpx - INFO - HTTP Request: POST https://api.telegram.org/bot8308955773:AAHRa238qrLCJPcbBvgrSJk3EPqbiGsPsAI/getUpdates "HTTP/1.1 200 OK"
2026-02-16 03:25:43,113 - httpx - INFO - HTTP Request: POST https://api.telegram.org/bot8308955773:AAHRa238qrLCJPcbBvgrSJk3EPqbiGsPsAI/answerCallbackQuery "HTTP/1.1 200 OK"
2026-02-16 03:25:43,550 - httpx - INFO - HTTP Request: POST https://api.telegram.org/bot8308955773:AAHRa238qrLCJPcbBvgrSJk3EPqbiGsPsAI/editMessageCaption "HTTP/1.1 200 OK"
2026-02-16 03:25:45,131 - httpx - INFO - HTTP Request: POST https://api.telegram.org/bot8308955773:AAHRa238qrLCJPcbBvgrSJk3EPqbiGsPsAI/getUpdates "HTTP/1.1 200 OK"
2026-02-16 03:25:45,352 - httpx - INFO - HTTP Request: POST https://api.telegram.org/bot8308955773:AAHRa238qrLCJPcbBvgrSJk3EPqbiGsPsAI/sendPhoto "HTTP/1.1 200 OK"
2026-02-16 03:25:46,413 - httpx - INFO - HTTP Request: POST https://api.telegram.org/bot8308955773:AAHRa238qrLCJPcbBvgrSJk3EPqbiGsPsAI/getUpdates "HTTP/1.1 200 OK"
2026-02-16 03:25:46,649 - httpx - INFO - HTTP Request: POST https://api.telegram.org/bot8308955773:AAHRa238qrLCJPcbBvgrSJk3EPqbiGsPsAI/getUpdates "HTTP/1.1 200 OK"
2026-02-16 03:25:46,837 - httpx - INFO - HTTP Request: POST https://api.telegram.org/bot8308955773:AAHRa238qrLCJPcbBvgrSJk3EPqbiGsPsAI/sendMessage "HTTP/1.1 200 OK"
2026-02-16 03:25:46,858 - httpx - INFO - HTTP Request: POST https://api.telegram.org/bot8308955773:AAHRa238qrLCJPcbBvgrSJk3EPqbiGsPsAI/editMessageText "HTTP/1.1 400 Bad Request"
2026-02-16 03:25:47,067 - httpx - INFO - HTTP Request: POST https://api.telegram.org/bot8308955773:AAHRa238qrLCJPcbBvgrSJk3EPqbiGsPsAI/editMessageCaption "HTTP/1.1 200 OK"
2026-02-16 03:25:47,988 - httpx - INFO - HTTP Request: POST https://api.telegram.org/bot8308955773:AAHRa238qrLCJPcbBvgrSJk3EPqbiGsPsAI/getUpdates "HTTP/1.1 200 OK"
2026-02-16 03:25:48,177 - httpx - INFO - HTTP Request: POST https://api.telegram.org/bot8308955773:AAHRa238qrLCJPcbBvgrSJk3EPqbiGsPsAI/answerCallbackQuery "HTTP/1.1 200 OK"
2026-02-16 03:25:49,024 - httpx - INFO - HTTP Request: POST https://api.telegram.org/bot8308955773:AAHRa238qrLCJPcbBvgrSJk3EPqbiGsPsAI/getUpdates "HTTP/1.1 200 OK"
2026-02-16 03:25:49,218 - httpx - INFO - HTTP Request: POST https://api.telegram.org/bot8308955773:AAHRa238qrLCJPcbBvgrSJk3EPqbiGsPsAI/answerCallbackQuery "HTTP/1.1 200 OK"
2026-02-16 03:25:49,646 - httpx - INFO - HTTP Request: POST https://api.telegram.org/bot8308955773:AAHRa238qrLCJPcbBvgrSJk3EPqbiGsPsAI/editMessageCaption "HTTP/1.1 200 OK"
2026-02-16 03:25:50,326 - httpx - INFO - HTTP Request: POST https://api.telegram.org/bot8308955773:AAHRa238qrLCJPcbBvgrSJk3EPqbiGsPsAI/getUpdates "HTTP/1.1 200 OK"
2026-02-16 03:25:50,666 - httpx - INFO - HTTP Request: POST https://api.telegram.org/bot8308955773:AAHRa238qrLCJPcbBvgrSJk3EPqbiGsPsAI/sendPhoto "HTTP/1.1 200 OK"
2026-02-16 03:25:51,701 - httpx - INFO - HTTP Request: POST https://api.telegram.org/bot8308955773:AAHRa238qrLCJPcbBvgrSJk3EPqbiGsPsAI/getUpdates "HTTP/1.1 200 OK"
2026-02-16 03:25:51,720 - httpx - INFO - HTTP Request: POST https://api.telegram.org/bot8308955773:AAHRa238qrLCJPcbBvgrSJk3EPqbiGsPsAI/editMessageText "HTTP/1.1 400 Bad Request"
2026-02-16 03:25:51,923 - httpx - INFO - HTTP Request: POST https://api.telegram.org/bot8308955773:AAHRa238qrLCJPcbBvgrSJk3EPqbiGsPsAI/editMessageCaption "HTTP/1.1 200 OK"
2026-02-16 03:25:52,937 - httpx - INFO - HTTP Request: POST https://api.telegram.org/bot8308955773:AAHRa238qrLCJPcbBvgrSJk3EPqbiGsPsAI/getUpdates "HTTP/1.1 200 OK"
2026-02-16 03:25:52,944 - apscheduler.executors.default - INFO - Running job "auto_detector_job (trigger: interval[0:15:00], next run at: 2026-02-16 03:40:52 UTC)" (scheduled at 2026-02-16 03:25:52.940994+00:00)
2026-02-16 03:25:53,186 - httpx - INFO - HTTP Request: POST https://api.telegram.org/bot8308955773:AAHRa238qrLCJPcbBvgrSJk3EPqbiGsPsAI/answerCallbackQuery "HTTP/1.1 200 OK"
2026-02-16 03:25:53,432 - httpx - INFO - HTTP Request: POST https://api.telegram.org/bot8308955773:AAHRa238qrLCJPcbBvgrSJk3EPqbiGsPsAI/sendMessage "HTTP/1.1 200 OK"
2026-02-16 03:25:53,439 - apscheduler.scheduler - INFO - Added job "security_timeout" to job store "default"
2026-02-16 03:25:53,541 - apscheduler.executors.default - INFO - Job "auto_detector_job (trigger: interval[0:15:00], next run at: 2026-02-16 03:40:52 UTC)" executed successfully
2026-02-16 03:25:55,779 - httpx - INFO - HTTP Request: POST https://api.telegram.org/bot8308955773:AAHRa238qrLCJPcbBvgrSJk3EPqbiGsPsAI/getUpdates "HTTP/1.1 200 OK"
2026-02-16 03:25:56,208 - httpx - INFO - HTTP Request: POST https://api.telegram.org/bot8308955773:AAHRa238qrLCJPcbBvgrSJk3EPqbiGsPsAI/editMessageText "HTTP/1.1 200 OK"
2026-02-16 03:25:57,264 - httpx - INFO - HTTP Request: POST https://api.telegram.org/bot8308955773:AAHRa238qrLCJPcbBvgrSJk3EPqbiGsPsAI/getUpdates "HTTP/1.1 200 OK"
2026-02-16 03:25:57,462 - httpx - INFO - HTTP Request: POST https://api.telegram.org/bot8308955773:AAHRa238qrLCJPcbBvgrSJk3EPqbiGsPsAI/answerCallbackQuery "HTTP/1.1 200 OK"
2026-02-16 03:25:58,414 - httpx - INFO - HTTP Request: POST https://api.telegram.org/bot8308955773:AAHRa238qrLCJPcbBvgrSJk3EPqbiGsPsAI/getUpdates "HTTP/1.1 200 OK"
2026-02-16 03:25:58,624 - httpx - INFO - HTTP Request: POST https://api.telegram.org/bot8308955773:AAHRa238qrLCJPcbBvgrSJk3EPqbiGsPsAI/sendMessage "HTTP/1.1 200 OK"
2026-02-16 03:25:59,950 - httpx - INFO - HTTP Request: POST https://api.telegram.org/bot8308955773:AAHRa238qrLCJPcbBvgrSJk3EPqbiGsPsAI/getUpdates "HTTP/1.1 200 OK"
2026-02-16 03:26:00,212 - httpx - INFO - HTTP Request: POST https://api.telegram.org/bot8308955773:AAHRa238qrLCJPcbBvgrSJk3EPqbiGsPsAI/answerCallbackQuery "HTTP/1.1 200 OK"
2026-02-16 03:26:00,667 - httpx - INFO - HTTP Request: POST https://api.telegram.org/bot8308955773:AAHRa238qrLCJPcbBvgrSJk3EPqbiGsPsAI/editMessageCaption "HTTP/1.1 200 OK"
2026-02-16 03:26:02,100 - httpx - INFO - HTTP Request: POST https://api.telegram.org/bot8308955773:AAHRa238qrLCJPcbBvgrSJk3EPqbiGsPsAI/getUpdates "HTTP/1.1 200 OK"
2026-02-16 03:26:02,456 - httpx - INFO - HTTP Request: POST https://api.telegram.org/bot8308955773:AAHRa238qrLCJPcbBvgrSJk3EPqbiGsPsAI/sendPhoto "HTTP/1.1 200 OK"
2026-02-16 03:26:03,505 - httpx - INFO - HTTP Request: POST https://api.telegram.org/bot8308955773:AAHRa238qrLCJPcbBvgrSJk3EPqbiGsPsAI/getUpdates "HTTP/1.1 200 OK"
2026-02-16 03:26:03,533 - httpx - INFO - HTTP Request: POST https://api.telegram.org/bot8308955773:AAHRa238qrLCJPcbBvgrSJk3EPqbiGsPsAI/editMessageText "HTTP/1.1 400 Bad Request"
2026-02-16 03:26:03,741 - httpx - INFO - HTTP Request: POST https://api.telegram.org/bot8308955773:AAHRa238qrLCJPcbBvgrSJk3EPqbiGsPsAI/editMessageCaption "HTTP/1.1 200 OK"
2026-02-16 03:26:04,638 - httpx - INFO - HTTP Request: POST https://api.telegram.org/bot8308955773:AAHRa238qrLCJPcbBvgrSJk3EPqbiGsPsAI/getUpdates "HTTP/1.1 200 OK"
2026-02-16 03:26:04,833 - httpx - INFO - HTTP Request: POST https://api.telegram.org/bot8308955773:AAHRa238qrLCJPcbBvgrSJk3EPqbiGsPsAI/answerCallbackQuery "HTTP/1.1 200 OK"
2026-02-16 03:26:05,582 - httpx - INFO - HTTP Request: POST https://api.telegram.org/bot8308955773:AAHRa238qrLCJPcbBvgrSJk3EPqbiGsPsAI/getUpdates "HTTP/1.1 200 OK"
2026-02-16 03:26:05,786 - httpx - INFO - HTTP Request: POST https://api.telegram.org/bot8308955773:AAHRa238qrLCJPcbBvgrSJk3EPqbiGsPsAI/sendMessage "HTTP/1.1 200 OK"
2026-02-16 03:26:06,264 - httpx - INFO - HTTP Request: POST https://api.telegram.org/bot8308955773:AAHRa238qrLCJPcbBvgrSJk3EPqbiGsPsAI/getUpdates "HTTP/1.1 200 OK"
2026-02-16 03:26:06,465 - httpx - INFO - HTTP Request: POST https://api.telegram.org/bot8308955773:AAHRa238qrLCJPcbBvgrSJk3EPqbiGsPsAI/answerCallbackQuery "HTTP/1.1 200 OK"
2026-02-16 03:26:07,018 - httpx - INFO - HTTP Request: POST https://api.telegram.org/bot8308955773:AAHRa238qrLCJPcbBvgrSJk3EPqbiGsPsAI/editMessageCaption "HTTP/1.1 200 OK"
2026-02-16 03:26:08,056 - httpx - INFO - HTTP Request: POST https://api.telegram.org/bot8308955773:AAHRa238qrLCJPcbBvgrSJk3EPqbiGsPsAI/getUpdates "HTTP/1.1 200 OK"
2026-02-16 03:26:08,284 - httpx - INFO - HTTP Request: POST https://api.telegram.org/bot8308955773:AAHRa238qrLCJPcbBvgrSJk3EPqbiGsPsAI/sendPhoto "HTTP/1.1 200 OK"
2026-02-16 03:26:09,541 - httpx - INFO - HTTP Request: POST https://api.telegram.org/bot8308955773:AAHRa238qrLCJPcbBvgrSJk3EPqbiGsPsAI/getUpdates "HTTP/1.1 200 OK"
2026-02-16 03:26:09,566 - httpx - INFO - HTTP Request: POST https://api.telegram.org/bot8308955773:AAHRa238qrLCJPcbBvgrSJk3EPqbiGsPsAI/editMessageText "HTTP/1.1 400 Bad Request"
2026-02-16 03:26:09,772 - httpx - INFO - HTTP Request: POST https://api.telegram.org/bot8308955773:AAHRa238qrLCJPcbBvgrSJk3EPqbiGsPsAI/editMessageCaption "HTTP/1.1 200 OK"
2026-02-16 03:26:10,712 - httpx - INFO - HTTP Request: POST https://api.telegram.org/bot8308955773:AAHRa238qrLCJPcbBvgrSJk3EPqbiGsPsAI/getUpdates "HTTP/1.1 200 OK"
2026-02-16 03:26:10,904 - httpx - INFO - HTTP Request: POST https://api.telegram.org/bot8308955773:AAHRa238qrLCJPcbBvgrSJk3EPqbiGsPsAI/answerCallbackQuery "HTTP/1.1 200 OK"
2026-02-16 03:26:11,780 - httpx - INFO - HTTP Request: POST https://api.telegram.org/bot8308955773:AAHRa238qrLCJPcbBvgrSJk3EPqbiGsPsAI/getUpdates "HTTP/1.1 200 OK"
2026-02-16 03:26:11,970 - httpx - INFO - HTTP Request: POST https://api.telegram.org/bot8308955773:AAHRa238qrLCJPcbBvgrSJk3EPqbiGsPsAI/answerCallbackQuery "HTTP/1.1 200 OK"
2026-02-16 03:26:12,391 - httpx - INFO - HTTP Request: POST https://api.telegram.org/bot8308955773:AAHRa238qrLCJPcbBvgrSJk3EPqbiGsPsAI/editMessageCaption "HTTP/1.1 200 OK"
2026-02-16 03:26:13,113 - httpx - INFO - HTTP Request: POST https://api.telegram.org/bot8308955773:AAHRa238qrLCJPcbBvgrSJk3EPqbiGsPsAI/getUpdates "HTTP/1.1 200 OK"
2026-02-16 03:26:13,334 - httpx - INFO - HTTP Request: POST https://api.telegram.org/bot8308955773:AAHRa238qrLCJPcbBvgrSJk3EPqbiGsPsAI/sendPhoto "HTTP/1.1 200 OK"
2026-02-16 03:26:14,587 - httpx - INFO - HTTP Request: POST https://api.telegram.org/bot8308955773:AAHRa238qrLCJPcbBvgrSJk3EPqbiGsPsAI/getUpdates "HTTP/1.1 200 OK"
2026-02-16 03:26:14,614 - httpx - INFO - HTTP Request: POST https://api.telegram.org/bot8308955773:AAHRa238qrLCJPcbBvgrSJk3EPqbiGsPsAI/editMessageText "HTTP/1.1 400 Bad Request"
2026-02-16 03:26:14,823 - httpx - INFO - HTTP Request: POST https://api.telegram.org/bot8308955773:AAHRa238qrLCJPcbBvgrSJk3EPqbiGsPsAI/editMessageCaption "HTTP/1.1 200 OK"
2026-02-16 03:26:15,673 - httpx - INFO - HTTP Request: POST https://api.telegram.org/bot8308955773:AAHRa238qrLCJPcbBvgrSJk3EPqbiGsPsAI/getUpdates "HTTP/1.1 200 OK"
2026-02-16 03:26:15,861 - httpx - INFO - HTTP Request: POST https://api.telegram.org/bot8308955773:AAHRa238qrLCJPcbBvgrSJk3EPqbiGsPsAI/answerCallbackQuery "HTTP/1.1 200 OK"
2026-02-16 03:26:16,708 - httpx - INFO - HTTP Request: POST https://api.telegram.org/bot8308955773:AAHRa238qrLCJPcbBvgrSJk3EPqbiGsPsAI/getUpdates "HTTP/1.1 200 OK"
2026-02-16 03:26:16,895 - httpx - INFO - HTTP Request: POST https://api.telegram.org/bot8308955773:AAHRa238qrLCJPcbBvgrSJk3EPqbiGsPsAI/answerCallbackQuery "HTTP/1.1 200 OK"
2026-02-16 03:26:17,325 - httpx - INFO - HTTP Request: POST https://api.telegram.org/bot8308955773:AAHRa238qrLCJPcbBvgrSJk3EPqbiGsPsAI/editMessageCaption "HTTP/1.1 200 OK"
2026-02-16 03:26:18,106 - httpx - INFO - HTTP Request: POST https://api.telegram.org/bot8308955773:AAHRa238qrLCJPcbBvgrSJk3EPqbiGsPsAI/getUpdates "HTTP/1.1 200 OK"
2026-02-16 03:26:18,323 - httpx - INFO - HTTP Request: POST https://api.telegram.org/bot8308955773:AAHRa238qrLCJPcbBvgrSJk3EPqbiGsPsAI/sendPhoto "HTTP/1.1 200 OK"
2026-02-16 03:26:19,493 - httpx - INFO - HTTP Request: POST https://api.telegram.org/bot8308955773:AAHRa238qrLCJPcbBvgrSJk3EPqbiGsPsAI/getUpdates "HTTP/1.1 200 OK"
2026-02-16 03:26:19,515 - httpx - INFO - HTTP Request: POST https://api.telegram.org/bot8308955773:AAHRa238qrLCJPcbBvgrSJk3EPqbiGsPsAI/editMessageText "HTTP/1.1 400 Bad Request"
2026-02-16 03:26:19,718 - httpx - INFO - HTTP Request: POST https://api.telegram.org/bot8308955773:AAHRa238qrLCJPcbBvgrSJk3EPqbiGsPsAI/editMessageCaption "HTTP/1.1 200 OK"
2026-02-16 03:26:20,676 - httpx - INFO - HTTP Request: POST https://api.telegram.org/bot8308955773:AAHRa238qrLCJPcbBvgrSJk3EPqbiGsPsAI/getUpdates "HTTP/1.1 200 OK"
2026-02-16 03:26:20,872 - httpx - INFO - HTTP Request: POST https://api.telegram.org/bot8308955773:AAHRa238qrLCJPcbBvgrSJk3EPqbiGsPsAI/answerCallbackQuery "HTTP/1.1 200 OK"
2026-02-16 03:26:21,785 - httpx - INFO - HTTP Request: POST https://api.telegram.org/bot8308955773:AAHRa238qrLCJPcbBvgrSJk3EPqbiGsPsAI/getUpdates "HTTP/1.1 200 OK"
2026-02-16 03:26:21,971 - httpx - INFO - HTTP Request: POST https://api.telegram.org/bot8308955773:AAHRa238qrLCJPcbBvgrSJk3EPqbiGsPsAI/answerCallbackQuery "HTTP/1.1 200 OK"
2026-02-16 03:26:22,400 - httpx - INFO - HTTP Request: POST https://api.telegram.org/bot8308955773:AAHRa238qrLCJPcbBvgrSJk3EPqbiGsPsAI/editMessageCaption "HTTP/1.1 200 OK"
2026-02-16 03:26:23,081 - httpx - INFO - HTTP Request: POST https://api.telegram.org/bot8308955773:AAHRa238qrLCJPcbBvgrSJk3EPqbiGsPsAI/getUpdates "HTTP/1.1 200 OK"
2026-02-16 03:26:23,327 - httpx - INFO - HTTP Request: POST https://api.telegram.org/bot8308955773:AAHRa238qrLCJPcbBvgrSJk3EPqbiGsPsAI/sendPhoto "HTTP/1.1 200 OK"
2026-02-16 03:26:23,435 - apscheduler.scheduler - INFO - Removed job 520d765c15a74dc08d6169b666067af3
2026-02-16 03:26:23,436 - apscheduler.executors.default - INFO - Running job "security_timeout (trigger: date[2026-02-16 03:26:23 UTC], next run at: 2026-02-16 03:26:23 UTC)" (scheduled at 2026-02-16 03:26:23.434238+00:00)
2026-02-16 03:26:23,437 - apscheduler.executors.default - INFO - Job "security_timeout (trigger: date[2026-02-16 03:26:23 UTC], next run at: 2026-02-16 03:26:23 UTC)" executed successfully
2026-02-16 03:26:24,395 - httpx - INFO - HTTP Request: POST https://api.telegram.org/bot8308955773:AAHRa238qrLCJPcbBvgrSJk3EPqbiGsPsAI/getUpdates "HTTP/1.1 200 OK"
2026-02-16 03:26:24,418 - httpx - INFO - HTTP Request: POST https://api.telegram.org/bot8308955773:AAHRa238qrLCJPcbBvgrSJk3EPqbiGsPsAI/editMessageText "HTTP/1.1 400 Bad Request"
2026-02-16 03:26:24,622 - httpx - INFO - HTTP Request: POST https://api.telegram.org/bot8308955773:AAHRa238qrLCJPcbBvgrSJk3EPqbiGsPsAI/editMessageCaption "HTTP/1.1 200 OK"
2026-02-16 03:26:25,762 - httpx - INFO - HTTP Request: POST https://api.telegram.org/bot8308955773:AAHRa238qrLCJPcbBvgrSJk3EPqbiGsPsAI/getUpdates "HTTP/1.1 200 OK"
2026-02-16 03:26:25,955 - httpx - INFO - HTTP Request: POST https://api.telegram.org/bot8308955773:AAHRa238qrLCJPcbBvgrSJk3EPqbiGsPsAI/answerCallbackQuery "HTTP/1.1 200 OK"
